Category,speed,direction,lane,episode,Time header,Image_path
Cat3,20mph,lr,opposite,7,1625006304.9178956,/media/batool/MULTIMODAL_DATA/Multimodal_Data/Cat3/static_in_front/bag_files/Cat3_20mph_lr_opposite_7/camera_images/1625006304.9178956.jpg
Cat3,20mph,lr,opposite,7,1625006304.9512289,/media/batool/MULTIMODAL_DATA/Multimodal_Data/Cat3/static_in_front/bag_files/Cat3_20mph_lr_opposite_7/camera_images/1625006304.9512289.jpg
Cat3,20mph,lr,opposite,7,1625006304.9845622,/media/batool/MULTIMODAL_DATA/Multimodal_Data/Cat3/static_in_front/bag_files/Cat3_20mph_lr_opposite_7/camera_images/1625006304.9845622.jpg
Cat3,20mph,lr,opposite,7,1625006305.0178955,/media/batool/MULTIMODAL_DATA/Multimodal_Data/Cat3/static_in_front/bag_files/Cat3_20mph_lr_opposite_7/camera_images/1625006305.0178955.jpg
Cat3,20mph,lr,opposite,7,1625006305.0512288,/media/batool/MULTIMODAL_DATA/Multimodal_Data/Cat3/static_in_front/bag_files/Cat3_20mph_lr_opposite_7/camera_images/1625006305.0512288.jpg
Cat3,20mph,lr,opposite,7,1625006305.084562,/media/batool/MULTIMODAL_DATA/Multimodal_Data/Cat3/static_in_front/bag_files/Cat3_20mph_lr_opposite_7/camera_images/1625006305.084562.jpg
Cat3,20mph,lr,opposite,7,1625006305.1178954,/media/batool/MULTIMODAL_DATA/Multimodal_Data/Cat3/static_in_front/bag_files/Cat3_20mph_lr_opposite_7/camera_images/1625006305.1178954.jpg
Cat3,20mph,lr,opposite,7,1625006305.1512287,/media/batool/MULTIMODAL_DATA/Multimodal_Data/Cat3/static_in_front/bag_files/Cat3_20mph_lr_opposite_7/camera_images/1625006305.1512287.jpg
Cat3,20mph,lr,opposite,7,1625006305.184562,/media/batool/MULTIMODAL_DATA/Multimodal_Data/Cat3/static_in_front/bag_files/Cat3_20mph_lr_opposite_7/camera_images/1625006305.184562.jpg
Cat3,20mph,lr,opposite,7,1625006305.2178953,/media/batool/MULTIMODAL_DATA/Multimodal_Data/Cat3/static_in_front/bag_files/Cat3_20mph_lr_opposite_7/camera_images/1625006305.2178953.jpg
Cat3,20mph,lr,opposite,7,1625006305.2512286,/media/batool/MULTIMODAL_DATA/Multimodal_Data/Cat3/static_in_front/bag_files/Cat3_20mph_lr_opposite_7/camera_images/1625006305.2512286.jpg
Cat3,20mph,lr,opposite,7,1625006305.2845619,/media/batool/MULTIMODAL_DATA/Multimodal_Data/Cat3/static_in_front/bag_files/Cat3_20mph_lr_opposite_7/camera_images/1625006305.2845619.jpg
Cat3,20mph,lr,opposite,7,1625006305.3178952,/media/batool/MULTIMODAL_DATA/Multimodal_Data/Cat3/static_in_front/bag_files/Cat3_20mph_lr_opposite_7/camera_images/1625006305.3178952.jpg
Cat3,20mph,lr,opposite,7,1625006305.3512285,/media/batool/MULTIMODAL_DATA/Multimodal_Data/Cat3/static_in_front/bag_files/Cat3_20mph_lr_opposite_7/camera_images/1625006305.3512285.jpg
Cat3,20mph,lr,opposite,7,1625006305.3845618,/media/batool/MULTIMODAL_DATA/Multimodal_Data/Cat3/static_in_front/bag_files/Cat3_20mph_lr_opposite_7/camera_images/1625006305.3845618.jpg
Cat3,20mph,lr,opposite,7,1625006305.4512284,/media/batool/MULTIMODAL_DATA/Multimodal_Data/Cat3/static_in_front/bag_files/Cat3_20mph_lr_opposite_7/camera_images/1625006305.4512284.jpg
Cat3,20mph,lr,opposite,7,1625006305.4845617,/media/batool/MULTIMODAL_DATA/Multimodal_Data/Cat3/static_in_front/bag_files/Cat3_20mph_lr_opposite_7/camera_images/1625006305.4845617.jpg
Cat3,20mph,lr,opposite,7,1625006305.517895,/media/batool/MULTIMODAL_DATA/Multimodal_Data/Cat3/static_in_front/bag_files/Cat3_20mph_lr_opposite_7/camera_images/1625006305.517895.jpg
Cat3,20mph,lr,opposite,7,1625006305.5512283,/media/batool/MULTIMODAL_DATA/Multimodal_Data/Cat3/static_in_front/bag_files/Cat3_20mph_lr_opposite_7/camera_images/1625006305.5512283.jpg
Cat3,20mph,lr,opposite,7,1625006305.5845616,/media/batool/MULTIMODAL_DATA/Multimodal_Data/Cat3/static_in_front/bag_files/Cat3_20mph_lr_opposite_7/camera_images/1625006305.5845616.jpg
Cat3,20mph,lr,opposite,7,1625006305.617895,/media/batool/MULTIMODAL_DATA/Multimodal_Data/Cat3/static_in_front/bag_files/Cat3_20mph_lr_opposite_7/camera_images/1625006305.617895.jpg
Cat3,20mph,lr,opposite,7,1625006305.6512282,/media/batool/MULTIMODAL_DATA/Multimodal_Data/Cat3/static_in_front/bag_files/Cat3_20mph_lr_opposite_7/camera_images/1625006305.6512282.jpg
Cat3,20mph,lr,opposite,7,1625006305.6845615,/media/batool/MULTIMODAL_DATA/Multimodal_Data/Cat3/static_in_front/bag_files/Cat3_20mph_lr_opposite_7/camera_images/1625006305.6845615.jpg
Cat3,20mph,lr,opposite,7,1625006305.7178948,/media/batool/MULTIMODAL_DATA/Multimodal_Data/Cat3/static_in_front/bag_files/Cat3_20mph_lr_opposite_7/camera_images/1625006305.7178948.jpg
Cat3,20mph,lr,opposite,7,1625006305.751228,/media/batool/MULTIMODAL_DATA/Multimodal_Data/Cat3/static_in_front/bag_files/Cat3_20mph_lr_opposite_7/camera_images/1625006305.751228.jpg
Cat3,20mph,lr,opposite,7,1625006305.7845614,/media/batool/MULTIMODAL_DATA/Multimodal_Data/Cat3/static_in_front/bag_files/Cat3_20mph_lr_opposite_7/camera_images/1625006305.7845614.jpg
Cat3,20mph,lr,opposite,7,1625006305.8178947,/media/batool/MULTIMODAL_DATA/Multimodal_Data/Cat3/static_in_front/bag_files/Cat3_20mph_lr_opposite_7/camera_images/1625006305.8178947.jpg
Cat3,20mph,lr,opposite,7,1625006305.851228,/media/batool/MULTIMODAL_DATA/Multimodal_Data/Cat3/static_in_front/bag_files/Cat3_20mph_lr_opposite_7/camera_images/1625006305.851228.jpg
Cat3,20mph,lr,opposite,7,1625006305.8845613,/media/batool/MULTIMODAL_DATA/Multimodal_Data/Cat3/static_in_front/bag_files/Cat3_20mph_lr_opposite_7/camera_images/1625006305.8845613.jpg
Cat3,20mph,lr,opposite,7,1625006305.9178946,/media/batool/MULTIMODAL_DATA/Multimodal_Data/Cat3/static_in_front/bag_files/Cat3_20mph_lr_opposite_7/camera_images/1625006305.9178946.jpg
Cat3,20mph,lr,opposite,7,1625006305.9845612,/media/batool/MULTIMODAL_DATA/Multimodal_Data/Cat3/static_in_front/bag_files/Cat3_20mph_lr_opposite_7/camera_images/1625006305.9845612.jpg
Cat3,20mph,lr,opposite,7,1625006306.0178945,/media/batool/MULTIMODAL_DATA/Multimodal_Data/Cat3/static_in_front/bag_files/Cat3_20mph_lr_opposite_7/camera_images/1625006306.0178945.jpg
Cat3,20mph,lr,opposite,7,1625006306.0512278,/media/batool/MULTIMODAL_DATA/Multimodal_Data/Cat3/static_in_front/bag_files/Cat3_20mph_lr_opposite_7/camera_images/1625006306.0512278.jpg
Cat3,20mph,lr,opposite,7,1625006306.084561,/media/batool/MULTIMODAL_DATA/Multimodal_Data/Cat3/static_in_front/bag_files/Cat3_20mph_lr_opposite_7/camera_images/1625006306.084561.jpg
Cat3,20mph,lr,opposite,7,1625006306.1178944,/media/batool/MULTIMODAL_DATA/Multimodal_Data/Cat3/static_in_front/bag_files/Cat3_20mph_lr_opposite_7/camera_images/1625006306.1178944.jpg
Cat3,20mph,lr,opposite,7,1625006306.1512277,/media/batool/MULTIMODAL_DATA/Multimodal_Data/Cat3/static_in_front/bag_files/Cat3_20mph_lr_opposite_7/camera_images/1625006306.1512277.jpg
Cat3,20mph,lr,opposite,7,1625006306.184561,/media/batool/MULTIMODAL_DATA/Multimodal_Data/Cat3/static_in_front/bag_files/Cat3_20mph_lr_opposite_7/camera_images/1625006306.184561.jpg
Cat3,20mph,lr,opposite,7,1625006306.2178943,/media/batool/MULTIMODAL_DATA/Multimodal_Data/Cat3/static_in_front/bag_files/Cat3_20mph_lr_opposite_7/camera_images/1625006306.2178943.jpg
Cat3,20mph,lr,opposite,7,1625006306.2512276,/media/batool/MULTIMODAL_DATA/Multimodal_Data/Cat3/static_in_front/bag_files/Cat3_20mph_lr_opposite_7/camera_images/1625006306.2512276.jpg
Cat3,20mph,lr,opposite,7,1625006306.284561,/media/batool/MULTIMODAL_DATA/Multimodal_Data/Cat3/static_in_front/bag_files/Cat3_20mph_lr_opposite_7/camera_images/1625006306.284561.jpg
Cat3,20mph,lr,opposite,7,1625006306.3178942,/media/batool/MULTIMODAL_DATA/Multimodal_Data/Cat3/static_in_front/bag_files/Cat3_20mph_lr_opposite_7/camera_images/1625006306.3178942.jpg
Cat3,20mph,lr,opposite,7,1625006306.3512275,/media/batool/MULTIMODAL_DATA/Multimodal_Data/Cat3/static_in_front/bag_files/Cat3_20mph_lr_opposite_7/camera_images/1625006306.3512275.jpg
Cat3,20mph,lr,opposite,7,1625006306.3845608,/media/batool/MULTIMODAL_DATA/Multimodal_Data/Cat3/static_in_front/bag_files/Cat3_20mph_lr_opposite_7/camera_images/1625006306.3845608.jpg
Cat3,20mph,lr,opposite,7,1625006306.4178941,/media/batool/MULTIMODAL_DATA/Multimodal_Data/Cat3/static_in_front/bag_files/Cat3_20mph_lr_opposite_7/camera_images/1625006306.4178941.jpg
Cat3,20mph,lr,opposite,7,1625006306.4512274,/media/batool/MULTIMODAL_DATA/Multimodal_Data/Cat3/static_in_front/bag_files/Cat3_20mph_lr_opposite_7/camera_images/1625006306.4512274.jpg
Cat3,20mph,lr,opposite,7,1625006306.517894,/media/batool/MULTIMODAL_DATA/Multimodal_Data/Cat3/static_in_front/bag_files/Cat3_20mph_lr_opposite_7/camera_images/1625006306.517894.jpg
Cat3,20mph,lr,opposite,7,1625006306.5512273,/media/batool/MULTIMODAL_DATA/Multimodal_Data/Cat3/static_in_front/bag_files/Cat3_20mph_lr_opposite_7/camera_images/1625006306.5512273.jpg
Cat3,20mph,lr,opposite,7,1625006306.5845606,/media/batool/MULTIMODAL_DATA/Multimodal_Data/Cat3/static_in_front/bag_files/Cat3_20mph_lr_opposite_7/camera_images/1625006306.5845606.jpg
Cat3,20mph,lr,opposite,7,1625006306.617894,/media/batool/MULTIMODAL_DATA/Multimodal_Data/Cat3/static_in_front/bag_files/Cat3_20mph_lr_opposite_7/camera_images/1625006306.617894.jpg
Cat3,20mph,lr,opposite,7,1625006306.6512272,/media/batool/MULTIMODAL_DATA/Multimodal_Data/Cat3/static_in_front/bag_files/Cat3_20mph_lr_opposite_7/camera_images/1625006306.6512272.jpg
Cat3,20mph,lr,opposite,7,1625006306.6845605,/media/batool/MULTIMODAL_DATA/Multimodal_Data/Cat3/static_in_front/bag_files/Cat3_20mph_lr_opposite_7/camera_images/1625006306.6845605.jpg
Cat3,20mph,lr,opposite,7,1625006306.7178938,/media/batool/MULTIMODAL_DATA/Multimodal_Data/Cat3/static_in_front/bag_files/Cat3_20mph_lr_opposite_7/camera_images/1625006306.7178938.jpg
Cat3,20mph,lr,opposite,7,1625006306.7512271,/media/batool/MULTIMODAL_DATA/Multimodal_Data/Cat3/static_in_front/bag_files/Cat3_20mph_lr_opposite_7/camera_images/1625006306.7512271.jpg
Cat3,20mph,lr,opposite,7,1625006306.7845604,/media/batool/MULTIMODAL_DATA/Multimodal_Data/Cat3/static_in_front/bag_files/Cat3_20mph_lr_opposite_7/camera_images/1625006306.7845604.jpg
Cat3,20mph,lr,opposite,7,1625006306.8178937,/media/batool/MULTIMODAL_DATA/Multimodal_Data/Cat3/static_in_front/bag_files/Cat3_20mph_lr_opposite_7/camera_images/1625006306.8178937.jpg
Cat3,20mph,lr,opposite,7,1625006306.851227,/media/batool/MULTIMODAL_DATA/Multimodal_Data/Cat3/static_in_front/bag_files/Cat3_20mph_lr_opposite_7/camera_images/1625006306.851227.jpg
Cat3,20mph,lr,opposite,7,1625006306.8845603,/media/batool/MULTIMODAL_DATA/Multimodal_Data/Cat3/static_in_front/bag_files/Cat3_20mph_lr_opposite_7/camera_images/1625006306.8845603.jpg
Cat3,20mph,lr,opposite,7,1625006306.9178936,/media/batool/MULTIMODAL_DATA/Multimodal_Data/Cat3/static_in_front/bag_files/Cat3_20mph_lr_opposite_7/camera_images/1625006306.9178936.jpg
Cat3,20mph,lr,opposite,7,1625006306.951227,/media/batool/MULTIMODAL_DATA/Multimodal_Data/Cat3/static_in_front/bag_files/Cat3_20mph_lr_opposite_7/camera_images/1625006306.951227.jpg
Cat3,20mph,lr,opposite,7,1625006306.9845603,/media/batool/MULTIMODAL_DATA/Multimodal_Data/Cat3/static_in_front/bag_files/Cat3_20mph_lr_opposite_7/camera_images/1625006306.9845603.jpg
Cat3,20mph,lr,opposite,7,1625006305.417895,/media/batool/MULTIMODAL_DATA/Multimodal_Data/Cat3/static_in_front/bag_files/Cat3_20mph_lr_opposite_7/camera_images/1625006305.417895.jpg
Cat3,20mph,lr,opposite,7,1625006305.951228,/media/batool/MULTIMODAL_DATA/Multimodal_Data/Cat3/static_in_front/bag_files/Cat3_20mph_lr_opposite_7/camera_images/1625006305.951228.jpg
Cat3,20mph,lr,opposite,7,1625006306.4845607,/media/batool/MULTIMODAL_DATA/Multimodal_Data/Cat3/static_in_front/bag_files/Cat3_20mph_lr_opposite_7/camera_images/1625006306.4845607.jpg
Cat3,20mph,lr,opposite,7,1625006307.0178936,/media/batool/MULTIMODAL_DATA/Multimodal_Data/Cat3/static_in_front/bag_files/Cat3_20mph_lr_opposite_7/camera_images/1625006307.0178936.jpg
Cat3,20mph,lr,opposite,7,1625006307.5512264,/media/batool/MULTIMODAL_DATA/Multimodal_Data/Cat3/static_in_front/bag_files/Cat3_20mph_lr_opposite_7/camera_images/1625006307.5512264.jpg
Cat3,20mph,lr,opposite,7,1625006308.0845592,/media/batool/MULTIMODAL_DATA/Multimodal_Data/Cat3/static_in_front/bag_files/Cat3_20mph_lr_opposite_7/camera_images/1625006308.0845592.jpg
Cat3,20mph,lr,opposite,7,1625006308.617892,/media/batool/MULTIMODAL_DATA/Multimodal_Data/Cat3/static_in_front/bag_files/Cat3_20mph_lr_opposite_7/camera_images/1625006308.617892.jpg
Cat3,20mph,lr,opposite,7,1625006309.1512249,/media/batool/MULTIMODAL_DATA/Multimodal_Data/Cat3/static_in_front/bag_files/Cat3_20mph_lr_opposite_7/camera_images/1625006309.1512249.jpg
Cat3,20mph,lr,opposite,7,1625006309.6845577,/media/batool/MULTIMODAL_DATA/Multimodal_Data/Cat3/static_in_front/bag_files/Cat3_20mph_lr_opposite_7/camera_images/1625006309.6845577.jpg
Cat3,20mph,lr,opposite,7,1625006310.2178905,/media/batool/MULTIMODAL_DATA/Multimodal_Data/Cat3/static_in_front/bag_files/Cat3_20mph_lr_opposite_7/camera_images/1625006310.2178905.jpg
Cat3,20mph,lr,opposite,7,1625006310.7512233,/media/batool/MULTIMODAL_DATA/Multimodal_Data/Cat3/static_in_front/bag_files/Cat3_20mph_lr_opposite_7/camera_images/1625006310.7512233.jpg
Cat3,20mph,lr,opposite,7,1625006311.2845562,/media/batool/MULTIMODAL_DATA/Multimodal_Data/Cat3/static_in_front/bag_files/Cat3_20mph_lr_opposite_7/camera_images/1625006311.2845562.jpg
Cat3,20mph,lr,opposite,7,1625006311.817889,/media/batool/MULTIMODAL_DATA/Multimodal_Data/Cat3/static_in_front/bag_files/Cat3_20mph_lr_opposite_7/camera_images/1625006311.817889.jpg
Cat3,20mph,lr,opposite,7,1625006312.3512218,/media/batool/MULTIMODAL_DATA/Multimodal_Data/Cat3/static_in_front/bag_files/Cat3_20mph_lr_opposite_7/camera_images/1625006312.3512218.jpg
Cat3,20mph,lr,opposite,7,1625006312.8845546,/media/batool/MULTIMODAL_DATA/Multimodal_Data/Cat3/static_in_front/bag_files/Cat3_20mph_lr_opposite_7/camera_images/1625006312.8845546.jpg
Cat3,20mph,lr,opposite,7,1625006313.4178874,/media/batool/MULTIMODAL_DATA/Multimodal_Data/Cat3/static_in_front/bag_files/Cat3_20mph_lr_opposite_7/camera_images/1625006313.4178874.jpg
Cat3,20mph,lr,opposite,7,1625006313.9512203,/media/batool/MULTIMODAL_DATA/Multimodal_Data/Cat3/static_in_front/bag_files/Cat3_20mph_lr_opposite_7/camera_images/1625006313.9512203.jpg
Cat3,20mph,lr,opposite,7,1625006314.484553,/media/batool/MULTIMODAL_DATA/Multimodal_Data/Cat3/static_in_front/bag_files/Cat3_20mph_lr_opposite_7/camera_images/1625006314.484553.jpg
Cat3,20mph,lr,opposite,7,1625006315.017886,/media/batool/MULTIMODAL_DATA/Multimodal_Data/Cat3/static_in_front/bag_files/Cat3_20mph_lr_opposite_7/camera_images/1625006315.017886.jpg
Cat3,20mph,lr,opposite,7,1625006315.5512187,/media/batool/MULTIMODAL_DATA/Multimodal_Data/Cat3/static_in_front/bag_files/Cat3_20mph_lr_opposite_7/camera_images/1625006315.5512187.jpg
Cat3,20mph,lr,opposite,7,1625006316.0845516,/media/batool/MULTIMODAL_DATA/Multimodal_Data/Cat3/static_in_front/bag_files/Cat3_20mph_lr_opposite_7/camera_images/1625006316.0845516.jpg
Cat3,20mph,lr,opposite,7,1625006316.6178844,/media/batool/MULTIMODAL_DATA/Multimodal_Data/Cat3/static_in_front/bag_files/Cat3_20mph_lr_opposite_7/camera_images/1625006316.6178844.jpg
Cat3,20mph,lr,opposite,7,1625006317.1512172,/media/batool/MULTIMODAL_DATA/Multimodal_Data/Cat3/static_in_front/bag_files/Cat3_20mph_lr_opposite_7/camera_images/1625006317.1512172.jpg
Cat3,20mph,lr,opposite,7,1625006317.68455,/media/batool/MULTIMODAL_DATA/Multimodal_Data/Cat3/static_in_front/bag_files/Cat3_20mph_lr_opposite_7/camera_images/1625006317.68455.jpg
Cat3,20mph,lr,opposite,7,1625006318.2178829,/media/batool/MULTIMODAL_DATA/Multimodal_Data/Cat3/static_in_front/bag_files/Cat3_20mph_lr_opposite_7/camera_images/1625006318.2178829.jpg
Cat3,20mph,lr,opposite,7,1625006318.7512157,/media/batool/MULTIMODAL_DATA/Multimodal_Data/Cat3/static_in_front/bag_files/Cat3_20mph_lr_opposite_7/camera_images/1625006318.7512157.jpg
Cat3,20mph,lr,opposite,7,1625006319.2845485,/media/batool/MULTIMODAL_DATA/Multimodal_Data/Cat3/static_in_front/bag_files/Cat3_20mph_lr_opposite_7/camera_images/1625006319.2845485.jpg
Cat3,20mph,lr,opposite,7,1625006307.0512269,/media/batool/MULTIMODAL_DATA/Multimodal_Data/Cat3/static_in_front/bag_files/Cat3_20mph_lr_opposite_7/camera_images/1625006307.0512269.jpg
Cat3,20mph,lr,opposite,7,1625006307.0845602,/media/batool/MULTIMODAL_DATA/Multimodal_Data/Cat3/static_in_front/bag_files/Cat3_20mph_lr_opposite_7/camera_images/1625006307.0845602.jpg
Cat3,20mph,lr,opposite,7,1625006307.1178935,/media/batool/MULTIMODAL_DATA/Multimodal_Data/Cat3/static_in_front/bag_files/Cat3_20mph_lr_opposite_7/camera_images/1625006307.1178935.jpg
Cat3,20mph,lr,opposite,7,1625006307.1512268,/media/batool/MULTIMODAL_DATA/Multimodal_Data/Cat3/static_in_front/bag_files/Cat3_20mph_lr_opposite_7/camera_images/1625006307.1512268.jpg
Cat3,20mph,lr,opposite,7,1625006307.18456,/media/batool/MULTIMODAL_DATA/Multimodal_Data/Cat3/static_in_front/bag_files/Cat3_20mph_lr_opposite_7/camera_images/1625006307.18456.jpg
Cat3,20mph,lr,opposite,7,1625006307.2178934,/media/batool/MULTIMODAL_DATA/Multimodal_Data/Cat3/static_in_front/bag_files/Cat3_20mph_lr_opposite_7/camera_images/1625006307.2178934.jpg
Cat3,20mph,lr,opposite,7,1625006307.2512267,/media/batool/MULTIMODAL_DATA/Multimodal_Data/Cat3/static_in_front/bag_files/Cat3_20mph_lr_opposite_7/camera_images/1625006307.2512267.jpg
Cat3,20mph,lr,opposite,7,1625006307.28456,/media/batool/MULTIMODAL_DATA/Multimodal_Data/Cat3/static_in_front/bag_files/Cat3_20mph_lr_opposite_7/camera_images/1625006307.28456.jpg
Cat3,20mph,lr,opposite,7,1625006307.3178933,/media/batool/MULTIMODAL_DATA/Multimodal_Data/Cat3/static_in_front/bag_files/Cat3_20mph_lr_opposite_7/camera_images/1625006307.3178933.jpg
Cat3,20mph,lr,opposite,7,1625006307.3512266,/media/batool/MULTIMODAL_DATA/Multimodal_Data/Cat3/static_in_front/bag_files/Cat3_20mph_lr_opposite_7/camera_images/1625006307.3512266.jpg
Cat3,20mph,lr,opposite,7,1625006307.3845599,/media/batool/MULTIMODAL_DATA/Multimodal_Data/Cat3/static_in_front/bag_files/Cat3_20mph_lr_opposite_7/camera_images/1625006307.3845599.jpg
Cat3,20mph,lr,opposite,7,1625006307.4178932,/media/batool/MULTIMODAL_DATA/Multimodal_Data/Cat3/static_in_front/bag_files/Cat3_20mph_lr_opposite_7/camera_images/1625006307.4178932.jpg
Cat3,20mph,lr,opposite,7,1625006307.4512265,/media/batool/MULTIMODAL_DATA/Multimodal_Data/Cat3/static_in_front/bag_files/Cat3_20mph_lr_opposite_7/camera_images/1625006307.4512265.jpg
Cat3,20mph,lr,opposite,7,1625006307.4845598,/media/batool/MULTIMODAL_DATA/Multimodal_Data/Cat3/static_in_front/bag_files/Cat3_20mph_lr_opposite_7/camera_images/1625006307.4845598.jpg
Cat3,20mph,lr,opposite,7,1625006307.517893,/media/batool/MULTIMODAL_DATA/Multimodal_Data/Cat3/static_in_front/bag_files/Cat3_20mph_lr_opposite_7/camera_images/1625006307.517893.jpg
Cat3,20mph,lr,opposite,7,1625006307.5845597,/media/batool/MULTIMODAL_DATA/Multimodal_Data/Cat3/static_in_front/bag_files/Cat3_20mph_lr_opposite_7/camera_images/1625006307.5845597.jpg
Cat3,20mph,lr,opposite,7,1625006307.617893,/media/batool/MULTIMODAL_DATA/Multimodal_Data/Cat3/static_in_front/bag_files/Cat3_20mph_lr_opposite_7/camera_images/1625006307.617893.jpg
Cat3,20mph,lr,opposite,7,1625006307.6512263,/media/batool/MULTIMODAL_DATA/Multimodal_Data/Cat3/static_in_front/bag_files/Cat3_20mph_lr_opposite_7/camera_images/1625006307.6512263.jpg
Cat3,20mph,lr,opposite,7,1625006307.6845596,/media/batool/MULTIMODAL_DATA/Multimodal_Data/Cat3/static_in_front/bag_files/Cat3_20mph_lr_opposite_7/camera_images/1625006307.6845596.jpg
Cat3,20mph,lr,opposite,7,1625006307.717893,/media/batool/MULTIMODAL_DATA/Multimodal_Data/Cat3/static_in_front/bag_files/Cat3_20mph_lr_opposite_7/camera_images/1625006307.717893.jpg
Cat3,20mph,lr,opposite,7,1625006307.7512262,/media/batool/MULTIMODAL_DATA/Multimodal_Data/Cat3/static_in_front/bag_files/Cat3_20mph_lr_opposite_7/camera_images/1625006307.7512262.jpg
Cat3,20mph,lr,opposite,7,1625006307.7845595,/media/batool/MULTIMODAL_DATA/Multimodal_Data/Cat3/static_in_front/bag_files/Cat3_20mph_lr_opposite_7/camera_images/1625006307.7845595.jpg
Cat3,20mph,lr,opposite,7,1625006307.8178928,/media/batool/MULTIMODAL_DATA/Multimodal_Data/Cat3/static_in_front/bag_files/Cat3_20mph_lr_opposite_7/camera_images/1625006307.8178928.jpg
Cat3,20mph,lr,opposite,7,1625006307.851226,/media/batool/MULTIMODAL_DATA/Multimodal_Data/Cat3/static_in_front/bag_files/Cat3_20mph_lr_opposite_7/camera_images/1625006307.851226.jpg
Cat3,20mph,lr,opposite,7,1625006307.8845594,/media/batool/MULTIMODAL_DATA/Multimodal_Data/Cat3/static_in_front/bag_files/Cat3_20mph_lr_opposite_7/camera_images/1625006307.8845594.jpg
Cat3,20mph,lr,opposite,7,1625006307.9178927,/media/batool/MULTIMODAL_DATA/Multimodal_Data/Cat3/static_in_front/bag_files/Cat3_20mph_lr_opposite_7/camera_images/1625006307.9178927.jpg
Cat3,20mph,lr,opposite,7,1625006307.951226,/media/batool/MULTIMODAL_DATA/Multimodal_Data/Cat3/static_in_front/bag_files/Cat3_20mph_lr_opposite_7/camera_images/1625006307.951226.jpg
Cat3,20mph,lr,opposite,7,1625006307.9845593,/media/batool/MULTIMODAL_DATA/Multimodal_Data/Cat3/static_in_front/bag_files/Cat3_20mph_lr_opposite_7/camera_images/1625006307.9845593.jpg
Cat3,20mph,lr,opposite,7,1625006308.0178926,/media/batool/MULTIMODAL_DATA/Multimodal_Data/Cat3/static_in_front/bag_files/Cat3_20mph_lr_opposite_7/camera_images/1625006308.0178926.jpg
Cat3,20mph,lr,opposite,7,1625006308.051226,/media/batool/MULTIMODAL_DATA/Multimodal_Data/Cat3/static_in_front/bag_files/Cat3_20mph_lr_opposite_7/camera_images/1625006308.051226.jpg
Cat3,20mph,lr,opposite,7,1625006308.1178925,/media/batool/MULTIMODAL_DATA/Multimodal_Data/Cat3/static_in_front/bag_files/Cat3_20mph_lr_opposite_7/camera_images/1625006308.1178925.jpg
Cat3,20mph,lr,opposite,7,1625006308.1512258,/media/batool/MULTIMODAL_DATA/Multimodal_Data/Cat3/static_in_front/bag_files/Cat3_20mph_lr_opposite_7/camera_images/1625006308.1512258.jpg
Cat3,20mph,lr,opposite,7,1625006308.184559,/media/batool/MULTIMODAL_DATA/Multimodal_Data/Cat3/static_in_front/bag_files/Cat3_20mph_lr_opposite_7/camera_images/1625006308.184559.jpg
Cat3,20mph,lr,opposite,7,1625006308.2178924,/media/batool/MULTIMODAL_DATA/Multimodal_Data/Cat3/static_in_front/bag_files/Cat3_20mph_lr_opposite_7/camera_images/1625006308.2178924.jpg
Cat3,20mph,lr,opposite,7,1625006308.2512257,/media/batool/MULTIMODAL_DATA/Multimodal_Data/Cat3/static_in_front/bag_files/Cat3_20mph_lr_opposite_7/camera_images/1625006308.2512257.jpg
Cat3,20mph,lr,opposite,7,1625006308.284559,/media/batool/MULTIMODAL_DATA/Multimodal_Data/Cat3/static_in_front/bag_files/Cat3_20mph_lr_opposite_7/camera_images/1625006308.284559.jpg
Cat3,20mph,lr,opposite,7,1625006308.3178923,/media/batool/MULTIMODAL_DATA/Multimodal_Data/Cat3/static_in_front/bag_files/Cat3_20mph_lr_opposite_7/camera_images/1625006308.3178923.jpg
Cat3,20mph,lr,opposite,7,1625006308.3512256,/media/batool/MULTIMODAL_DATA/Multimodal_Data/Cat3/static_in_front/bag_files/Cat3_20mph_lr_opposite_7/camera_images/1625006308.3512256.jpg
Cat3,20mph,lr,opposite,7,1625006308.384559,/media/batool/MULTIMODAL_DATA/Multimodal_Data/Cat3/static_in_front/bag_files/Cat3_20mph_lr_opposite_7/camera_images/1625006308.384559.jpg
Cat3,20mph,lr,opposite,7,1625006308.4178922,/media/batool/MULTIMODAL_DATA/Multimodal_Data/Cat3/static_in_front/bag_files/Cat3_20mph_lr_opposite_7/camera_images/1625006308.4178922.jpg
Cat3,20mph,lr,opposite,7,1625006308.4512255,/media/batool/MULTIMODAL_DATA/Multimodal_Data/Cat3/static_in_front/bag_files/Cat3_20mph_lr_opposite_7/camera_images/1625006308.4512255.jpg
Cat3,20mph,lr,opposite,7,1625006308.4845588,/media/batool/MULTIMODAL_DATA/Multimodal_Data/Cat3/static_in_front/bag_files/Cat3_20mph_lr_opposite_7/camera_images/1625006308.4845588.jpg
Cat3,20mph,lr,opposite,7,1625006308.5178921,/media/batool/MULTIMODAL_DATA/Multimodal_Data/Cat3/static_in_front/bag_files/Cat3_20mph_lr_opposite_7/camera_images/1625006308.5178921.jpg
Cat3,20mph,lr,opposite,7,1625006308.5512254,/media/batool/MULTIMODAL_DATA/Multimodal_Data/Cat3/static_in_front/bag_files/Cat3_20mph_lr_opposite_7/camera_images/1625006308.5512254.jpg
Cat3,20mph,lr,opposite,7,1625006308.5845587,/media/batool/MULTIMODAL_DATA/Multimodal_Data/Cat3/static_in_front/bag_files/Cat3_20mph_lr_opposite_7/camera_images/1625006308.5845587.jpg
Cat3,20mph,lr,opposite,7,1625006308.6512253,/media/batool/MULTIMODAL_DATA/Multimodal_Data/Cat3/static_in_front/bag_files/Cat3_20mph_lr_opposite_7/camera_images/1625006308.6512253.jpg
Cat3,20mph,lr,opposite,7,1625006308.6845586,/media/batool/MULTIMODAL_DATA/Multimodal_Data/Cat3/static_in_front/bag_files/Cat3_20mph_lr_opposite_7/camera_images/1625006308.6845586.jpg
Cat3,20mph,lr,opposite,7,1625006308.717892,/media/batool/MULTIMODAL_DATA/Multimodal_Data/Cat3/static_in_front/bag_files/Cat3_20mph_lr_opposite_7/camera_images/1625006308.717892.jpg
Cat3,20mph,lr,opposite,7,1625006308.7512252,/media/batool/MULTIMODAL_DATA/Multimodal_Data/Cat3/static_in_front/bag_files/Cat3_20mph_lr_opposite_7/camera_images/1625006308.7512252.jpg
Cat3,20mph,lr,opposite,7,1625006308.7845585,/media/batool/MULTIMODAL_DATA/Multimodal_Data/Cat3/static_in_front/bag_files/Cat3_20mph_lr_opposite_7/camera_images/1625006308.7845585.jpg
Cat3,20mph,lr,opposite,7,1625006308.8178918,/media/batool/MULTIMODAL_DATA/Multimodal_Data/Cat3/static_in_front/bag_files/Cat3_20mph_lr_opposite_7/camera_images/1625006308.8178918.jpg
Cat3,20mph,lr,opposite,7,1625006308.8512251,/media/batool/MULTIMODAL_DATA/Multimodal_Data/Cat3/static_in_front/bag_files/Cat3_20mph_lr_opposite_7/camera_images/1625006308.8512251.jpg
Cat3,20mph,lr,opposite,7,1625006308.8845584,/media/batool/MULTIMODAL_DATA/Multimodal_Data/Cat3/static_in_front/bag_files/Cat3_20mph_lr_opposite_7/camera_images/1625006308.8845584.jpg
Cat3,20mph,lr,opposite,7,1625006308.9178917,/media/batool/MULTIMODAL_DATA/Multimodal_Data/Cat3/static_in_front/bag_files/Cat3_20mph_lr_opposite_7/camera_images/1625006308.9178917.jpg
Cat3,20mph,lr,opposite,7,1625006308.951225,/media/batool/MULTIMODAL_DATA/Multimodal_Data/Cat3/static_in_front/bag_files/Cat3_20mph_lr_opposite_7/camera_images/1625006308.951225.jpg
Cat3,20mph,lr,opposite,7,1625006308.9845583,/media/batool/MULTIMODAL_DATA/Multimodal_Data/Cat3/static_in_front/bag_files/Cat3_20mph_lr_opposite_7/camera_images/1625006308.9845583.jpg
Cat3,20mph,lr,opposite,7,1625006309.0178916,/media/batool/MULTIMODAL_DATA/Multimodal_Data/Cat3/static_in_front/bag_files/Cat3_20mph_lr_opposite_7/camera_images/1625006309.0178916.jpg
Cat3,20mph,lr,opposite,7,1625006309.051225,/media/batool/MULTIMODAL_DATA/Multimodal_Data/Cat3/static_in_front/bag_files/Cat3_20mph_lr_opposite_7/camera_images/1625006309.051225.jpg
Cat3,20mph,lr,opposite,7,1625006309.0845582,/media/batool/MULTIMODAL_DATA/Multimodal_Data/Cat3/static_in_front/bag_files/Cat3_20mph_lr_opposite_7/camera_images/1625006309.0845582.jpg
Cat3,20mph,lr,opposite,7,1625006309.1178916,/media/batool/MULTIMODAL_DATA/Multimodal_Data/Cat3/static_in_front/bag_files/Cat3_20mph_lr_opposite_7/camera_images/1625006309.1178916.jpg
Cat3,20mph,lr,opposite,7,1625006309.1845582,/media/batool/MULTIMODAL_DATA/Multimodal_Data/Cat3/static_in_front/bag_files/Cat3_20mph_lr_opposite_7/camera_images/1625006309.1845582.jpg
Cat3,20mph,lr,opposite,7,1625006309.2178915,/media/batool/MULTIMODAL_DATA/Multimodal_Data/Cat3/static_in_front/bag_files/Cat3_20mph_lr_opposite_7/camera_images/1625006309.2178915.jpg
Cat3,20mph,lr,opposite,7,1625006309.2512248,/media/batool/MULTIMODAL_DATA/Multimodal_Data/Cat3/static_in_front/bag_files/Cat3_20mph_lr_opposite_7/camera_images/1625006309.2512248.jpg
Cat3,20mph,lr,opposite,7,1625006309.284558,/media/batool/MULTIMODAL_DATA/Multimodal_Data/Cat3/static_in_front/bag_files/Cat3_20mph_lr_opposite_7/camera_images/1625006309.284558.jpg
Cat3,20mph,lr,opposite,7,1625006309.3178914,/media/batool/MULTIMODAL_DATA/Multimodal_Data/Cat3/static_in_front/bag_files/Cat3_20mph_lr_opposite_7/camera_images/1625006309.3178914.jpg
Cat3,20mph,lr,opposite,7,1625006309.3512247,/media/batool/MULTIMODAL_DATA/Multimodal_Data/Cat3/static_in_front/bag_files/Cat3_20mph_lr_opposite_7/camera_images/1625006309.3512247.jpg
Cat3,20mph,lr,opposite,7,1625006309.384558,/media/batool/MULTIMODAL_DATA/Multimodal_Data/Cat3/static_in_front/bag_files/Cat3_20mph_lr_opposite_7/camera_images/1625006309.384558.jpg
Cat3,20mph,lr,opposite,7,1625006309.4178913,/media/batool/MULTIMODAL_DATA/Multimodal_Data/Cat3/static_in_front/bag_files/Cat3_20mph_lr_opposite_7/camera_images/1625006309.4178913.jpg
Cat3,20mph,lr,opposite,7,1625006309.4512246,/media/batool/MULTIMODAL_DATA/Multimodal_Data/Cat3/static_in_front/bag_files/Cat3_20mph_lr_opposite_7/camera_images/1625006309.4512246.jpg
Cat3,20mph,lr,opposite,7,1625006309.4845579,/media/batool/MULTIMODAL_DATA/Multimodal_Data/Cat3/static_in_front/bag_files/Cat3_20mph_lr_opposite_7/camera_images/1625006309.4845579.jpg
Cat3,20mph,lr,opposite,7,1625006309.5178912,/media/batool/MULTIMODAL_DATA/Multimodal_Data/Cat3/static_in_front/bag_files/Cat3_20mph_lr_opposite_7/camera_images/1625006309.5178912.jpg
Cat3,20mph,lr,opposite,7,1625006309.5512245,/media/batool/MULTIMODAL_DATA/Multimodal_Data/Cat3/static_in_front/bag_files/Cat3_20mph_lr_opposite_7/camera_images/1625006309.5512245.jpg
Cat3,20mph,lr,opposite,7,1625006309.5845578,/media/batool/MULTIMODAL_DATA/Multimodal_Data/Cat3/static_in_front/bag_files/Cat3_20mph_lr_opposite_7/camera_images/1625006309.5845578.jpg
Cat3,20mph,lr,opposite,7,1625006309.617891,/media/batool/MULTIMODAL_DATA/Multimodal_Data/Cat3/static_in_front/bag_files/Cat3_20mph_lr_opposite_7/camera_images/1625006309.617891.jpg
Cat3,20mph,lr,opposite,7,1625006309.6512244,/media/batool/MULTIMODAL_DATA/Multimodal_Data/Cat3/static_in_front/bag_files/Cat3_20mph_lr_opposite_7/camera_images/1625006309.6512244.jpg
Cat3,20mph,lr,opposite,7,1625006309.717891,/media/batool/MULTIMODAL_DATA/Multimodal_Data/Cat3/static_in_front/bag_files/Cat3_20mph_lr_opposite_7/camera_images/1625006309.717891.jpg
Cat3,20mph,lr,opposite,7,1625006309.7512243,/media/batool/MULTIMODAL_DATA/Multimodal_Data/Cat3/static_in_front/bag_files/Cat3_20mph_lr_opposite_7/camera_images/1625006309.7512243.jpg
Cat3,20mph,lr,opposite,7,1625006309.7845576,/media/batool/MULTIMODAL_DATA/Multimodal_Data/Cat3/static_in_front/bag_files/Cat3_20mph_lr_opposite_7/camera_images/1625006309.7845576.jpg
Cat3,20mph,lr,opposite,7,1625006309.817891,/media/batool/MULTIMODAL_DATA/Multimodal_Data/Cat3/static_in_front/bag_files/Cat3_20mph_lr_opposite_7/camera_images/1625006309.817891.jpg
Cat3,20mph,lr,opposite,7,1625006309.8512242,/media/batool/MULTIMODAL_DATA/Multimodal_Data/Cat3/static_in_front/bag_files/Cat3_20mph_lr_opposite_7/camera_images/1625006309.8512242.jpg
Cat3,20mph,lr,opposite,7,1625006309.8845575,/media/batool/MULTIMODAL_DATA/Multimodal_Data/Cat3/static_in_front/bag_files/Cat3_20mph_lr_opposite_7/camera_images/1625006309.8845575.jpg
Cat3,20mph,lr,opposite,7,1625006309.9178908,/media/batool/MULTIMODAL_DATA/Multimodal_Data/Cat3/static_in_front/bag_files/Cat3_20mph_lr_opposite_7/camera_images/1625006309.9178908.jpg
Cat3,20mph,lr,opposite,7,1625006309.951224,/media/batool/MULTIMODAL_DATA/Multimodal_Data/Cat3/static_in_front/bag_files/Cat3_20mph_lr_opposite_7/camera_images/1625006309.951224.jpg
Cat3,20mph,lr,opposite,7,1625006309.9845574,/media/batool/MULTIMODAL_DATA/Multimodal_Data/Cat3/static_in_front/bag_files/Cat3_20mph_lr_opposite_7/camera_images/1625006309.9845574.jpg
Cat3,20mph,lr,opposite,7,1625006310.0178907,/media/batool/MULTIMODAL_DATA/Multimodal_Data/Cat3/static_in_front/bag_files/Cat3_20mph_lr_opposite_7/camera_images/1625006310.0178907.jpg
Cat3,20mph,lr,opposite,7,1625006310.051224,/media/batool/MULTIMODAL_DATA/Multimodal_Data/Cat3/static_in_front/bag_files/Cat3_20mph_lr_opposite_7/camera_images/1625006310.051224.jpg
Cat3,20mph,lr,opposite,7,1625006310.0845573,/media/batool/MULTIMODAL_DATA/Multimodal_Data/Cat3/static_in_front/bag_files/Cat3_20mph_lr_opposite_7/camera_images/1625006310.0845573.jpg
Cat3,20mph,lr,opposite,7,1625006310.1178906,/media/batool/MULTIMODAL_DATA/Multimodal_Data/Cat3/static_in_front/bag_files/Cat3_20mph_lr_opposite_7/camera_images/1625006310.1178906.jpg
Cat3,20mph,lr,opposite,7,1625006310.151224,/media/batool/MULTIMODAL_DATA/Multimodal_Data/Cat3/static_in_front/bag_files/Cat3_20mph_lr_opposite_7/camera_images/1625006310.151224.jpg
Cat3,20mph,lr,opposite,7,1625006310.1845572,/media/batool/MULTIMODAL_DATA/Multimodal_Data/Cat3/static_in_front/bag_files/Cat3_20mph_lr_opposite_7/camera_images/1625006310.1845572.jpg
Cat3,20mph,lr,opposite,7,1625006310.2512238,/media/batool/MULTIMODAL_DATA/Multimodal_Data/Cat3/static_in_front/bag_files/Cat3_20mph_lr_opposite_7/camera_images/1625006310.2512238.jpg
Cat3,20mph,lr,opposite,7,1625006310.284557,/media/batool/MULTIMODAL_DATA/Multimodal_Data/Cat3/static_in_front/bag_files/Cat3_20mph_lr_opposite_7/camera_images/1625006310.284557.jpg
Cat3,20mph,lr,opposite,7,1625006310.3178904,/media/batool/MULTIMODAL_DATA/Multimodal_Data/Cat3/static_in_front/bag_files/Cat3_20mph_lr_opposite_7/camera_images/1625006310.3178904.jpg
Cat3,20mph,lr,opposite,7,1625006310.3512237,/media/batool/MULTIMODAL_DATA/Multimodal_Data/Cat3/static_in_front/bag_files/Cat3_20mph_lr_opposite_7/camera_images/1625006310.3512237.jpg
Cat3,20mph,lr,opposite,7,1625006310.384557,/media/batool/MULTIMODAL_DATA/Multimodal_Data/Cat3/static_in_front/bag_files/Cat3_20mph_lr_opposite_7/camera_images/1625006310.384557.jpg
Cat3,20mph,lr,opposite,7,1625006310.4178903,/media/batool/MULTIMODAL_DATA/Multimodal_Data/Cat3/static_in_front/bag_files/Cat3_20mph_lr_opposite_7/camera_images/1625006310.4178903.jpg
Cat3,20mph,lr,opposite,7,1625006310.4512236,/media/batool/MULTIMODAL_DATA/Multimodal_Data/Cat3/static_in_front/bag_files/Cat3_20mph_lr_opposite_7/camera_images/1625006310.4512236.jpg
Cat3,20mph,lr,opposite,7,1625006310.484557,/media/batool/MULTIMODAL_DATA/Multimodal_Data/Cat3/static_in_front/bag_files/Cat3_20mph_lr_opposite_7/camera_images/1625006310.484557.jpg
Cat3,20mph,lr,opposite,7,1625006310.5178902,/media/batool/MULTIMODAL_DATA/Multimodal_Data/Cat3/static_in_front/bag_files/Cat3_20mph_lr_opposite_7/camera_images/1625006310.5178902.jpg
Cat3,20mph,lr,opposite,7,1625006310.5512235,/media/batool/MULTIMODAL_DATA/Multimodal_Data/Cat3/static_in_front/bag_files/Cat3_20mph_lr_opposite_7/camera_images/1625006310.5512235.jpg
Cat3,20mph,lr,opposite,7,1625006310.5845568,/media/batool/MULTIMODAL_DATA/Multimodal_Data/Cat3/static_in_front/bag_files/Cat3_20mph_lr_opposite_7/camera_images/1625006310.5845568.jpg
Cat3,20mph,lr,opposite,7,1625006310.6178901,/media/batool/MULTIMODAL_DATA/Multimodal_Data/Cat3/static_in_front/bag_files/Cat3_20mph_lr_opposite_7/camera_images/1625006310.6178901.jpg
Cat3,20mph,lr,opposite,7,1625006310.6512234,/media/batool/MULTIMODAL_DATA/Multimodal_Data/Cat3/static_in_front/bag_files/Cat3_20mph_lr_opposite_7/camera_images/1625006310.6512234.jpg
Cat3,20mph,lr,opposite,7,1625006310.6845567,/media/batool/MULTIMODAL_DATA/Multimodal_Data/Cat3/static_in_front/bag_files/Cat3_20mph_lr_opposite_7/camera_images/1625006310.6845567.jpg
Cat3,20mph,lr,opposite,7,1625006310.71789,/media/batool/MULTIMODAL_DATA/Multimodal_Data/Cat3/static_in_front/bag_files/Cat3_20mph_lr_opposite_7/camera_images/1625006310.71789.jpg
Cat3,20mph,lr,opposite,7,1625006310.7845566,/media/batool/MULTIMODAL_DATA/Multimodal_Data/Cat3/static_in_front/bag_files/Cat3_20mph_lr_opposite_7/camera_images/1625006310.7845566.jpg
Cat3,20mph,lr,opposite,7,1625006310.81789,/media/batool/MULTIMODAL_DATA/Multimodal_Data/Cat3/static_in_front/bag_files/Cat3_20mph_lr_opposite_7/camera_images/1625006310.81789.jpg
Cat3,20mph,lr,opposite,7,1625006310.8512232,/media/batool/MULTIMODAL_DATA/Multimodal_Data/Cat3/static_in_front/bag_files/Cat3_20mph_lr_opposite_7/camera_images/1625006310.8512232.jpg
Cat3,20mph,lr,opposite,7,1625006310.8845565,/media/batool/MULTIMODAL_DATA/Multimodal_Data/Cat3/static_in_front/bag_files/Cat3_20mph_lr_opposite_7/camera_images/1625006310.8845565.jpg
Cat3,20mph,lr,opposite,7,1625006310.9178898,/media/batool/MULTIMODAL_DATA/Multimodal_Data/Cat3/static_in_front/bag_files/Cat3_20mph_lr_opposite_7/camera_images/1625006310.9178898.jpg
Cat3,20mph,lr,opposite,7,1625006310.9512231,/media/batool/MULTIMODAL_DATA/Multimodal_Data/Cat3/static_in_front/bag_files/Cat3_20mph_lr_opposite_7/camera_images/1625006310.9512231.jpg
Cat3,20mph,lr,opposite,7,1625006310.9845564,/media/batool/MULTIMODAL_DATA/Multimodal_Data/Cat3/static_in_front/bag_files/Cat3_20mph_lr_opposite_7/camera_images/1625006310.9845564.jpg
Cat3,20mph,lr,opposite,7,1625006311.0178897,/media/batool/MULTIMODAL_DATA/Multimodal_Data/Cat3/static_in_front/bag_files/Cat3_20mph_lr_opposite_7/camera_images/1625006311.0178897.jpg
Cat3,20mph,lr,opposite,7,1625006311.051223,/media/batool/MULTIMODAL_DATA/Multimodal_Data/Cat3/static_in_front/bag_files/Cat3_20mph_lr_opposite_7/camera_images/1625006311.051223.jpg
Cat3,20mph,lr,opposite,7,1625006311.0845563,/media/batool/MULTIMODAL_DATA/Multimodal_Data/Cat3/static_in_front/bag_files/Cat3_20mph_lr_opposite_7/camera_images/1625006311.0845563.jpg
Cat3,20mph,lr,opposite,7,1625006311.1178896,/media/batool/MULTIMODAL_DATA/Multimodal_Data/Cat3/static_in_front/bag_files/Cat3_20mph_lr_opposite_7/camera_images/1625006311.1178896.jpg
Cat3,20mph,lr,opposite,7,1625006311.151223,/media/batool/MULTIMODAL_DATA/Multimodal_Data/Cat3/static_in_front/bag_files/Cat3_20mph_lr_opposite_7/camera_images/1625006311.151223.jpg
Cat3,20mph,lr,opposite,7,1625006311.1845562,/media/batool/MULTIMODAL_DATA/Multimodal_Data/Cat3/static_in_front/bag_files/Cat3_20mph_lr_opposite_7/camera_images/1625006311.1845562.jpg
Cat3,20mph,lr,opposite,7,1625006311.2178895,/media/batool/MULTIMODAL_DATA/Multimodal_Data/Cat3/static_in_front/bag_files/Cat3_20mph_lr_opposite_7/camera_images/1625006311.2178895.jpg
Cat3,20mph,lr,opposite,7,1625006311.2512228,/media/batool/MULTIMODAL_DATA/Multimodal_Data/Cat3/static_in_front/bag_files/Cat3_20mph_lr_opposite_7/camera_images/1625006311.2512228.jpg
Cat3,20mph,lr,opposite,7,1625006311.3178895,/media/batool/MULTIMODAL_DATA/Multimodal_Data/Cat3/static_in_front/bag_files/Cat3_20mph_lr_opposite_7/camera_images/1625006311.3178895.jpg
Cat3,20mph,lr,opposite,7,1625006311.3512228,/media/batool/MULTIMODAL_DATA/Multimodal_Data/Cat3/static_in_front/bag_files/Cat3_20mph_lr_opposite_7/camera_images/1625006311.3512228.jpg
Cat3,20mph,lr,opposite,7,1625006311.384556,/media/batool/MULTIMODAL_DATA/Multimodal_Data/Cat3/static_in_front/bag_files/Cat3_20mph_lr_opposite_7/camera_images/1625006311.384556.jpg
Cat3,20mph,lr,opposite,7,1625006311.4178894,/media/batool/MULTIMODAL_DATA/Multimodal_Data/Cat3/static_in_front/bag_files/Cat3_20mph_lr_opposite_7/camera_images/1625006311.4178894.jpg
Cat3,20mph,lr,opposite,7,1625006311.4512227,/media/batool/MULTIMODAL_DATA/Multimodal_Data/Cat3/static_in_front/bag_files/Cat3_20mph_lr_opposite_7/camera_images/1625006311.4512227.jpg
Cat3,20mph,lr,opposite,7,1625006311.484556,/media/batool/MULTIMODAL_DATA/Multimodal_Data/Cat3/static_in_front/bag_files/Cat3_20mph_lr_opposite_7/camera_images/1625006311.484556.jpg
Cat3,20mph,lr,opposite,7,1625006311.5178893,/media/batool/MULTIMODAL_DATA/Multimodal_Data/Cat3/static_in_front/bag_files/Cat3_20mph_lr_opposite_7/camera_images/1625006311.5178893.jpg
Cat3,20mph,lr,opposite,7,1625006311.5512226,/media/batool/MULTIMODAL_DATA/Multimodal_Data/Cat3/static_in_front/bag_files/Cat3_20mph_lr_opposite_7/camera_images/1625006311.5512226.jpg
Cat3,20mph,lr,opposite,7,1625006311.5845559,/media/batool/MULTIMODAL_DATA/Multimodal_Data/Cat3/static_in_front/bag_files/Cat3_20mph_lr_opposite_7/camera_images/1625006311.5845559.jpg
Cat3,20mph,lr,opposite,7,1625006311.6178892,/media/batool/MULTIMODAL_DATA/Multimodal_Data/Cat3/static_in_front/bag_files/Cat3_20mph_lr_opposite_7/camera_images/1625006311.6178892.jpg
Cat3,20mph,lr,opposite,7,1625006311.6512225,/media/batool/MULTIMODAL_DATA/Multimodal_Data/Cat3/static_in_front/bag_files/Cat3_20mph_lr_opposite_7/camera_images/1625006311.6512225.jpg
Cat3,20mph,lr,opposite,7,1625006311.6845558,/media/batool/MULTIMODAL_DATA/Multimodal_Data/Cat3/static_in_front/bag_files/Cat3_20mph_lr_opposite_7/camera_images/1625006311.6845558.jpg
Cat3,20mph,lr,opposite,7,1625006311.717889,/media/batool/MULTIMODAL_DATA/Multimodal_Data/Cat3/static_in_front/bag_files/Cat3_20mph_lr_opposite_7/camera_images/1625006311.717889.jpg
Cat3,20mph,lr,opposite,7,1625006311.7512224,/media/batool/MULTIMODAL_DATA/Multimodal_Data/Cat3/static_in_front/bag_files/Cat3_20mph_lr_opposite_7/camera_images/1625006311.7512224.jpg
Cat3,20mph,lr,opposite,7,1625006311.7845557,/media/batool/MULTIMODAL_DATA/Multimodal_Data/Cat3/static_in_front/bag_files/Cat3_20mph_lr_opposite_7/camera_images/1625006311.7845557.jpg
Cat3,20mph,lr,opposite,7,1625006311.8512223,/media/batool/MULTIMODAL_DATA/Multimodal_Data/Cat3/static_in_front/bag_files/Cat3_20mph_lr_opposite_7/camera_images/1625006311.8512223.jpg
Cat3,20mph,lr,opposite,7,1625006311.8845556,/media/batool/MULTIMODAL_DATA/Multimodal_Data/Cat3/static_in_front/bag_files/Cat3_20mph_lr_opposite_7/camera_images/1625006311.8845556.jpg
Cat3,20mph,lr,opposite,7,1625006311.9178889,/media/batool/MULTIMODAL_DATA/Multimodal_Data/Cat3/static_in_front/bag_files/Cat3_20mph_lr_opposite_7/camera_images/1625006311.9178889.jpg
Cat3,20mph,lr,opposite,7,1625006311.9512222,/media/batool/MULTIMODAL_DATA/Multimodal_Data/Cat3/static_in_front/bag_files/Cat3_20mph_lr_opposite_7/camera_images/1625006311.9512222.jpg
Cat3,20mph,lr,opposite,7,1625006311.9845555,/media/batool/MULTIMODAL_DATA/Multimodal_Data/Cat3/static_in_front/bag_files/Cat3_20mph_lr_opposite_7/camera_images/1625006311.9845555.jpg
Cat3,20mph,lr,opposite,7,1625006312.0178888,/media/batool/MULTIMODAL_DATA/Multimodal_Data/Cat3/static_in_front/bag_files/Cat3_20mph_lr_opposite_7/camera_images/1625006312.0178888.jpg
Cat3,20mph,lr,opposite,7,1625006312.051222,/media/batool/MULTIMODAL_DATA/Multimodal_Data/Cat3/static_in_front/bag_files/Cat3_20mph_lr_opposite_7/camera_images/1625006312.051222.jpg
Cat3,20mph,lr,opposite,7,1625006312.0845554,/media/batool/MULTIMODAL_DATA/Multimodal_Data/Cat3/static_in_front/bag_files/Cat3_20mph_lr_opposite_7/camera_images/1625006312.0845554.jpg
Cat3,20mph,lr,opposite,7,1625006312.1178887,/media/batool/MULTIMODAL_DATA/Multimodal_Data/Cat3/static_in_front/bag_files/Cat3_20mph_lr_opposite_7/camera_images/1625006312.1178887.jpg
Cat3,20mph,lr,opposite,7,1625006312.151222,/media/batool/MULTIMODAL_DATA/Multimodal_Data/Cat3/static_in_front/bag_files/Cat3_20mph_lr_opposite_7/camera_images/1625006312.151222.jpg
Cat3,20mph,lr,opposite,7,1625006312.1845553,/media/batool/MULTIMODAL_DATA/Multimodal_Data/Cat3/static_in_front/bag_files/Cat3_20mph_lr_opposite_7/camera_images/1625006312.1845553.jpg
Cat3,20mph,lr,opposite,7,1625006312.2178886,/media/batool/MULTIMODAL_DATA/Multimodal_Data/Cat3/static_in_front/bag_files/Cat3_20mph_lr_opposite_7/camera_images/1625006312.2178886.jpg
Cat3,20mph,lr,opposite,7,1625006312.251222,/media/batool/MULTIMODAL_DATA/Multimodal_Data/Cat3/static_in_front/bag_files/Cat3_20mph_lr_opposite_7/camera_images/1625006312.251222.jpg
Cat3,20mph,lr,opposite,7,1625006312.2845552,/media/batool/MULTIMODAL_DATA/Multimodal_Data/Cat3/static_in_front/bag_files/Cat3_20mph_lr_opposite_7/camera_images/1625006312.2845552.jpg
Cat3,20mph,lr,opposite,7,1625006312.3178885,/media/batool/MULTIMODAL_DATA/Multimodal_Data/Cat3/static_in_front/bag_files/Cat3_20mph_lr_opposite_7/camera_images/1625006312.3178885.jpg
Cat3,20mph,lr,opposite,7,1625006312.384555,/media/batool/MULTIMODAL_DATA/Multimodal_Data/Cat3/static_in_front/bag_files/Cat3_20mph_lr_opposite_7/camera_images/1625006312.384555.jpg
Cat3,20mph,lr,opposite,7,1625006312.4178884,/media/batool/MULTIMODAL_DATA/Multimodal_Data/Cat3/static_in_front/bag_files/Cat3_20mph_lr_opposite_7/camera_images/1625006312.4178884.jpg
Cat3,20mph,lr,opposite,7,1625006312.4512217,/media/batool/MULTIMODAL_DATA/Multimodal_Data/Cat3/static_in_front/bag_files/Cat3_20mph_lr_opposite_7/camera_images/1625006312.4512217.jpg
Cat3,20mph,lr,opposite,7,1625006312.484555,/media/batool/MULTIMODAL_DATA/Multimodal_Data/Cat3/static_in_front/bag_files/Cat3_20mph_lr_opposite_7/camera_images/1625006312.484555.jpg
Cat3,20mph,lr,opposite,7,1625006312.5178883,/media/batool/MULTIMODAL_DATA/Multimodal_Data/Cat3/static_in_front/bag_files/Cat3_20mph_lr_opposite_7/camera_images/1625006312.5178883.jpg
Cat3,20mph,lr,opposite,7,1625006312.5512216,/media/batool/MULTIMODAL_DATA/Multimodal_Data/Cat3/static_in_front/bag_files/Cat3_20mph_lr_opposite_7/camera_images/1625006312.5512216.jpg
Cat3,20mph,lr,opposite,7,1625006312.584555,/media/batool/MULTIMODAL_DATA/Multimodal_Data/Cat3/static_in_front/bag_files/Cat3_20mph_lr_opposite_7/camera_images/1625006312.584555.jpg
Cat3,20mph,lr,opposite,7,1625006312.6178882,/media/batool/MULTIMODAL_DATA/Multimodal_Data/Cat3/static_in_front/bag_files/Cat3_20mph_lr_opposite_7/camera_images/1625006312.6178882.jpg
Cat3,20mph,lr,opposite,7,1625006312.6512215,/media/batool/MULTIMODAL_DATA/Multimodal_Data/Cat3/static_in_front/bag_files/Cat3_20mph_lr_opposite_7/camera_images/1625006312.6512215.jpg
Cat3,20mph,lr,opposite,7,1625006312.6845548,/media/batool/MULTIMODAL_DATA/Multimodal_Data/Cat3/static_in_front/bag_files/Cat3_20mph_lr_opposite_7/camera_images/1625006312.6845548.jpg
Cat3,20mph,lr,opposite,7,1625006312.717888,/media/batool/MULTIMODAL_DATA/Multimodal_Data/Cat3/static_in_front/bag_files/Cat3_20mph_lr_opposite_7/camera_images/1625006312.717888.jpg
Cat3,20mph,lr,opposite,7,1625006312.7512214,/media/batool/MULTIMODAL_DATA/Multimodal_Data/Cat3/static_in_front/bag_files/Cat3_20mph_lr_opposite_7/camera_images/1625006312.7512214.jpg
Cat3,20mph,lr,opposite,7,1625006312.7845547,/media/batool/MULTIMODAL_DATA/Multimodal_Data/Cat3/static_in_front/bag_files/Cat3_20mph_lr_opposite_7/camera_images/1625006312.7845547.jpg
Cat3,20mph,lr,opposite,7,1625006312.817888,/media/batool/MULTIMODAL_DATA/Multimodal_Data/Cat3/static_in_front/bag_files/Cat3_20mph_lr_opposite_7/camera_images/1625006312.817888.jpg
Cat3,20mph,lr,opposite,7,1625006312.8512213,/media/batool/MULTIMODAL_DATA/Multimodal_Data/Cat3/static_in_front/bag_files/Cat3_20mph_lr_opposite_7/camera_images/1625006312.8512213.jpg
Cat3,20mph,lr,opposite,7,1625006312.917888,/media/batool/MULTIMODAL_DATA/Multimodal_Data/Cat3/static_in_front/bag_files/Cat3_20mph_lr_opposite_7/camera_images/1625006312.917888.jpg
Cat3,20mph,lr,opposite,7,1625006312.9512212,/media/batool/MULTIMODAL_DATA/Multimodal_Data/Cat3/static_in_front/bag_files/Cat3_20mph_lr_opposite_7/camera_images/1625006312.9512212.jpg
Cat3,20mph,lr,opposite,7,1625006312.9845545,/media/batool/MULTIMODAL_DATA/Multimodal_Data/Cat3/static_in_front/bag_files/Cat3_20mph_lr_opposite_7/camera_images/1625006312.9845545.jpg
Cat3,20mph,lr,opposite,7,1625006313.0178878,/media/batool/MULTIMODAL_DATA/Multimodal_Data/Cat3/static_in_front/bag_files/Cat3_20mph_lr_opposite_7/camera_images/1625006313.0178878.jpg
Cat3,20mph,lr,opposite,7,1625006313.0512211,/media/batool/MULTIMODAL_DATA/Multimodal_Data/Cat3/static_in_front/bag_files/Cat3_20mph_lr_opposite_7/camera_images/1625006313.0512211.jpg
Cat3,20mph,lr,opposite,7,1625006313.0845544,/media/batool/MULTIMODAL_DATA/Multimodal_Data/Cat3/static_in_front/bag_files/Cat3_20mph_lr_opposite_7/camera_images/1625006313.0845544.jpg
Cat3,20mph,lr,opposite,7,1625006313.1178877,/media/batool/MULTIMODAL_DATA/Multimodal_Data/Cat3/static_in_front/bag_files/Cat3_20mph_lr_opposite_7/camera_images/1625006313.1178877.jpg
Cat3,20mph,lr,opposite,7,1625006313.151221,/media/batool/MULTIMODAL_DATA/Multimodal_Data/Cat3/static_in_front/bag_files/Cat3_20mph_lr_opposite_7/camera_images/1625006313.151221.jpg
Cat3,20mph,lr,opposite,7,1625006313.1845543,/media/batool/MULTIMODAL_DATA/Multimodal_Data/Cat3/static_in_front/bag_files/Cat3_20mph_lr_opposite_7/camera_images/1625006313.1845543.jpg
Cat3,20mph,lr,opposite,7,1625006313.2178876,/media/batool/MULTIMODAL_DATA/Multimodal_Data/Cat3/static_in_front/bag_files/Cat3_20mph_lr_opposite_7/camera_images/1625006313.2178876.jpg
Cat3,20mph,lr,opposite,7,1625006313.251221,/media/batool/MULTIMODAL_DATA/Multimodal_Data/Cat3/static_in_front/bag_files/Cat3_20mph_lr_opposite_7/camera_images/1625006313.251221.jpg
Cat3,20mph,lr,opposite,7,1625006313.2845542,/media/batool/MULTIMODAL_DATA/Multimodal_Data/Cat3/static_in_front/bag_files/Cat3_20mph_lr_opposite_7/camera_images/1625006313.2845542.jpg
Cat3,20mph,lr,opposite,7,1625006313.3178875,/media/batool/MULTIMODAL_DATA/Multimodal_Data/Cat3/static_in_front/bag_files/Cat3_20mph_lr_opposite_7/camera_images/1625006313.3178875.jpg
Cat3,20mph,lr,opposite,7,1625006313.3512208,/media/batool/MULTIMODAL_DATA/Multimodal_Data/Cat3/static_in_front/bag_files/Cat3_20mph_lr_opposite_7/camera_images/1625006313.3512208.jpg
Cat3,20mph,lr,opposite,7,1625006313.3845541,/media/batool/MULTIMODAL_DATA/Multimodal_Data/Cat3/static_in_front/bag_files/Cat3_20mph_lr_opposite_7/camera_images/1625006313.3845541.jpg
Cat3,20mph,lr,opposite,7,1625006313.4512208,/media/batool/MULTIMODAL_DATA/Multimodal_Data/Cat3/static_in_front/bag_files/Cat3_20mph_lr_opposite_7/camera_images/1625006313.4512208.jpg
Cat3,20mph,lr,opposite,7,1625006313.484554,/media/batool/MULTIMODAL_DATA/Multimodal_Data/Cat3/static_in_front/bag_files/Cat3_20mph_lr_opposite_7/camera_images/1625006313.484554.jpg
Cat3,20mph,lr,opposite,7,1625006313.5178874,/media/batool/MULTIMODAL_DATA/Multimodal_Data/Cat3/static_in_front/bag_files/Cat3_20mph_lr_opposite_7/camera_images/1625006313.5178874.jpg
Cat3,20mph,lr,opposite,7,1625006313.5512207,/media/batool/MULTIMODAL_DATA/Multimodal_Data/Cat3/static_in_front/bag_files/Cat3_20mph_lr_opposite_7/camera_images/1625006313.5512207.jpg
Cat3,20mph,lr,opposite,7,1625006313.584554,/media/batool/MULTIMODAL_DATA/Multimodal_Data/Cat3/static_in_front/bag_files/Cat3_20mph_lr_opposite_7/camera_images/1625006313.584554.jpg
Cat3,20mph,lr,opposite,7,1625006313.6178873,/media/batool/MULTIMODAL_DATA/Multimodal_Data/Cat3/static_in_front/bag_files/Cat3_20mph_lr_opposite_7/camera_images/1625006313.6178873.jpg
Cat3,20mph,lr,opposite,7,1625006313.6512206,/media/batool/MULTIMODAL_DATA/Multimodal_Data/Cat3/static_in_front/bag_files/Cat3_20mph_lr_opposite_7/camera_images/1625006313.6512206.jpg
Cat3,20mph,lr,opposite,7,1625006313.6845539,/media/batool/MULTIMODAL_DATA/Multimodal_Data/Cat3/static_in_front/bag_files/Cat3_20mph_lr_opposite_7/camera_images/1625006313.6845539.jpg
Cat3,20mph,lr,opposite,7,1625006313.7178872,/media/batool/MULTIMODAL_DATA/Multimodal_Data/Cat3/static_in_front/bag_files/Cat3_20mph_lr_opposite_7/camera_images/1625006313.7178872.jpg
Cat3,20mph,lr,opposite,7,1625006313.7512205,/media/batool/MULTIMODAL_DATA/Multimodal_Data/Cat3/static_in_front/bag_files/Cat3_20mph_lr_opposite_7/camera_images/1625006313.7512205.jpg
Cat3,20mph,lr,opposite,7,1625006313.7845538,/media/batool/MULTIMODAL_DATA/Multimodal_Data/Cat3/static_in_front/bag_files/Cat3_20mph_lr_opposite_7/camera_images/1625006313.7845538.jpg
Cat3,20mph,lr,opposite,7,1625006313.817887,/media/batool/MULTIMODAL_DATA/Multimodal_Data/Cat3/static_in_front/bag_files/Cat3_20mph_lr_opposite_7/camera_images/1625006313.817887.jpg
Cat3,20mph,lr,opposite,7,1625006313.8512204,/media/batool/MULTIMODAL_DATA/Multimodal_Data/Cat3/static_in_front/bag_files/Cat3_20mph_lr_opposite_7/camera_images/1625006313.8512204.jpg
Cat3,20mph,lr,opposite,7,1625006313.8845537,/media/batool/MULTIMODAL_DATA/Multimodal_Data/Cat3/static_in_front/bag_files/Cat3_20mph_lr_opposite_7/camera_images/1625006313.8845537.jpg
Cat3,20mph,lr,opposite,7,1625006313.917887,/media/batool/MULTIMODAL_DATA/Multimodal_Data/Cat3/static_in_front/bag_files/Cat3_20mph_lr_opposite_7/camera_images/1625006313.917887.jpg
Cat3,20mph,lr,opposite,7,1625006313.9845536,/media/batool/MULTIMODAL_DATA/Multimodal_Data/Cat3/static_in_front/bag_files/Cat3_20mph_lr_opposite_7/camera_images/1625006313.9845536.jpg
Cat3,20mph,lr,opposite,7,1625006314.0178869,/media/batool/MULTIMODAL_DATA/Multimodal_Data/Cat3/static_in_front/bag_files/Cat3_20mph_lr_opposite_7/camera_images/1625006314.0178869.jpg
Cat3,20mph,lr,opposite,7,1625006314.0512202,/media/batool/MULTIMODAL_DATA/Multimodal_Data/Cat3/static_in_front/bag_files/Cat3_20mph_lr_opposite_7/camera_images/1625006314.0512202.jpg
Cat3,20mph,lr,opposite,7,1625006314.0845535,/media/batool/MULTIMODAL_DATA/Multimodal_Data/Cat3/static_in_front/bag_files/Cat3_20mph_lr_opposite_7/camera_images/1625006314.0845535.jpg
Cat3,20mph,lr,opposite,7,1625006314.1178868,/media/batool/MULTIMODAL_DATA/Multimodal_Data/Cat3/static_in_front/bag_files/Cat3_20mph_lr_opposite_7/camera_images/1625006314.1178868.jpg
Cat3,20mph,lr,opposite,7,1625006314.15122,/media/batool/MULTIMODAL_DATA/Multimodal_Data/Cat3/static_in_front/bag_files/Cat3_20mph_lr_opposite_7/camera_images/1625006314.15122.jpg
Cat3,20mph,lr,opposite,7,1625006314.1845534,/media/batool/MULTIMODAL_DATA/Multimodal_Data/Cat3/static_in_front/bag_files/Cat3_20mph_lr_opposite_7/camera_images/1625006314.1845534.jpg
Cat3,20mph,lr,opposite,7,1625006314.2178867,/media/batool/MULTIMODAL_DATA/Multimodal_Data/Cat3/static_in_front/bag_files/Cat3_20mph_lr_opposite_7/camera_images/1625006314.2178867.jpg
Cat3,20mph,lr,opposite,7,1625006314.25122,/media/batool/MULTIMODAL_DATA/Multimodal_Data/Cat3/static_in_front/bag_files/Cat3_20mph_lr_opposite_7/camera_images/1625006314.25122.jpg
Cat3,20mph,lr,opposite,7,1625006314.2845533,/media/batool/MULTIMODAL_DATA/Multimodal_Data/Cat3/static_in_front/bag_files/Cat3_20mph_lr_opposite_7/camera_images/1625006314.2845533.jpg
Cat3,20mph,lr,opposite,7,1625006314.3178866,/media/batool/MULTIMODAL_DATA/Multimodal_Data/Cat3/static_in_front/bag_files/Cat3_20mph_lr_opposite_7/camera_images/1625006314.3178866.jpg
Cat3,20mph,lr,opposite,7,1625006314.35122,/media/batool/MULTIMODAL_DATA/Multimodal_Data/Cat3/static_in_front/bag_files/Cat3_20mph_lr_opposite_7/camera_images/1625006314.35122.jpg
Cat3,20mph,lr,opposite,7,1625006314.3845532,/media/batool/MULTIMODAL_DATA/Multimodal_Data/Cat3/static_in_front/bag_files/Cat3_20mph_lr_opposite_7/camera_images/1625006314.3845532.jpg
Cat3,20mph,lr,opposite,7,1625006314.4178865,/media/batool/MULTIMODAL_DATA/Multimodal_Data/Cat3/static_in_front/bag_files/Cat3_20mph_lr_opposite_7/camera_images/1625006314.4178865.jpg
Cat3,20mph,lr,opposite,7,1625006314.4512198,/media/batool/MULTIMODAL_DATA/Multimodal_Data/Cat3/static_in_front/bag_files/Cat3_20mph_lr_opposite_7/camera_images/1625006314.4512198.jpg
Cat3,20mph,lr,opposite,7,1625006314.5178864,/media/batool/MULTIMODAL_DATA/Multimodal_Data/Cat3/static_in_front/bag_files/Cat3_20mph_lr_opposite_7/camera_images/1625006314.5178864.jpg
Cat3,20mph,lr,opposite,7,1625006314.5512197,/media/batool/MULTIMODAL_DATA/Multimodal_Data/Cat3/static_in_front/bag_files/Cat3_20mph_lr_opposite_7/camera_images/1625006314.5512197.jpg
Cat3,20mph,lr,opposite,7,1625006314.584553,/media/batool/MULTIMODAL_DATA/Multimodal_Data/Cat3/static_in_front/bag_files/Cat3_20mph_lr_opposite_7/camera_images/1625006314.584553.jpg
Cat3,20mph,lr,opposite,7,1625006314.6178863,/media/batool/MULTIMODAL_DATA/Multimodal_Data/Cat3/static_in_front/bag_files/Cat3_20mph_lr_opposite_7/camera_images/1625006314.6178863.jpg
Cat3,20mph,lr,opposite,7,1625006314.6512196,/media/batool/MULTIMODAL_DATA/Multimodal_Data/Cat3/static_in_front/bag_files/Cat3_20mph_lr_opposite_7/camera_images/1625006314.6512196.jpg
Cat3,20mph,lr,opposite,7,1625006314.684553,/media/batool/MULTIMODAL_DATA/Multimodal_Data/Cat3/static_in_front/bag_files/Cat3_20mph_lr_opposite_7/camera_images/1625006314.684553.jpg
Cat3,20mph,lr,opposite,7,1625006314.7178862,/media/batool/MULTIMODAL_DATA/Multimodal_Data/Cat3/static_in_front/bag_files/Cat3_20mph_lr_opposite_7/camera_images/1625006314.7178862.jpg
Cat3,20mph,lr,opposite,7,1625006314.7512195,/media/batool/MULTIMODAL_DATA/Multimodal_Data/Cat3/static_in_front/bag_files/Cat3_20mph_lr_opposite_7/camera_images/1625006314.7512195.jpg
Cat3,20mph,lr,opposite,7,1625006314.7845528,/media/batool/MULTIMODAL_DATA/Multimodal_Data/Cat3/static_in_front/bag_files/Cat3_20mph_lr_opposite_7/camera_images/1625006314.7845528.jpg
Cat3,20mph,lr,opposite,7,1625006314.817886,/media/batool/MULTIMODAL_DATA/Multimodal_Data/Cat3/static_in_front/bag_files/Cat3_20mph_lr_opposite_7/camera_images/1625006314.817886.jpg
Cat3,20mph,lr,opposite,7,1625006314.8512194,/media/batool/MULTIMODAL_DATA/Multimodal_Data/Cat3/static_in_front/bag_files/Cat3_20mph_lr_opposite_7/camera_images/1625006314.8512194.jpg
Cat3,20mph,lr,opposite,7,1625006314.8845527,/media/batool/MULTIMODAL_DATA/Multimodal_Data/Cat3/static_in_front/bag_files/Cat3_20mph_lr_opposite_7/camera_images/1625006314.8845527.jpg
Cat3,20mph,lr,opposite,7,1625006314.917886,/media/batool/MULTIMODAL_DATA/Multimodal_Data/Cat3/static_in_front/bag_files/Cat3_20mph_lr_opposite_7/camera_images/1625006314.917886.jpg
Cat3,20mph,lr,opposite,7,1625006314.9512193,/media/batool/MULTIMODAL_DATA/Multimodal_Data/Cat3/static_in_front/bag_files/Cat3_20mph_lr_opposite_7/camera_images/1625006314.9512193.jpg
Cat3,20mph,lr,opposite,7,1625006314.9845526,/media/batool/MULTIMODAL_DATA/Multimodal_Data/Cat3/static_in_front/bag_files/Cat3_20mph_lr_opposite_7/camera_images/1625006314.9845526.jpg
Cat3,20mph,lr,opposite,7,1625006315.0512192,/media/batool/MULTIMODAL_DATA/Multimodal_Data/Cat3/static_in_front/bag_files/Cat3_20mph_lr_opposite_7/camera_images/1625006315.0512192.jpg
Cat3,20mph,lr,opposite,7,1625006315.0845525,/media/batool/MULTIMODAL_DATA/Multimodal_Data/Cat3/static_in_front/bag_files/Cat3_20mph_lr_opposite_7/camera_images/1625006315.0845525.jpg
Cat3,20mph,lr,opposite,7,1625006315.1178858,/media/batool/MULTIMODAL_DATA/Multimodal_Data/Cat3/static_in_front/bag_files/Cat3_20mph_lr_opposite_7/camera_images/1625006315.1178858.jpg
Cat3,20mph,lr,opposite,7,1625006315.1512191,/media/batool/MULTIMODAL_DATA/Multimodal_Data/Cat3/static_in_front/bag_files/Cat3_20mph_lr_opposite_7/camera_images/1625006315.1512191.jpg
Cat3,20mph,lr,opposite,7,1625006315.1845524,/media/batool/MULTIMODAL_DATA/Multimodal_Data/Cat3/static_in_front/bag_files/Cat3_20mph_lr_opposite_7/camera_images/1625006315.1845524.jpg
Cat3,20mph,lr,opposite,7,1625006315.2178857,/media/batool/MULTIMODAL_DATA/Multimodal_Data/Cat3/static_in_front/bag_files/Cat3_20mph_lr_opposite_7/camera_images/1625006315.2178857.jpg
Cat3,20mph,lr,opposite,7,1625006315.251219,/media/batool/MULTIMODAL_DATA/Multimodal_Data/Cat3/static_in_front/bag_files/Cat3_20mph_lr_opposite_7/camera_images/1625006315.251219.jpg
Cat3,20mph,lr,opposite,7,1625006315.2845523,/media/batool/MULTIMODAL_DATA/Multimodal_Data/Cat3/static_in_front/bag_files/Cat3_20mph_lr_opposite_7/camera_images/1625006315.2845523.jpg
Cat3,20mph,lr,opposite,7,1625006315.3178856,/media/batool/MULTIMODAL_DATA/Multimodal_Data/Cat3/static_in_front/bag_files/Cat3_20mph_lr_opposite_7/camera_images/1625006315.3178856.jpg
Cat3,20mph,lr,opposite,7,1625006315.351219,/media/batool/MULTIMODAL_DATA/Multimodal_Data/Cat3/static_in_front/bag_files/Cat3_20mph_lr_opposite_7/camera_images/1625006315.351219.jpg
Cat3,20mph,lr,opposite,7,1625006315.3845522,/media/batool/MULTIMODAL_DATA/Multimodal_Data/Cat3/static_in_front/bag_files/Cat3_20mph_lr_opposite_7/camera_images/1625006315.3845522.jpg
Cat3,20mph,lr,opposite,7,1625006315.4178855,/media/batool/MULTIMODAL_DATA/Multimodal_Data/Cat3/static_in_front/bag_files/Cat3_20mph_lr_opposite_7/camera_images/1625006315.4178855.jpg
Cat3,20mph,lr,opposite,7,1625006315.4512188,/media/batool/MULTIMODAL_DATA/Multimodal_Data/Cat3/static_in_front/bag_files/Cat3_20mph_lr_opposite_7/camera_images/1625006315.4512188.jpg
Cat3,20mph,lr,opposite,7,1625006315.4845521,/media/batool/MULTIMODAL_DATA/Multimodal_Data/Cat3/static_in_front/bag_files/Cat3_20mph_lr_opposite_7/camera_images/1625006315.4845521.jpg
Cat3,20mph,lr,opposite,7,1625006315.5178854,/media/batool/MULTIMODAL_DATA/Multimodal_Data/Cat3/static_in_front/bag_files/Cat3_20mph_lr_opposite_7/camera_images/1625006315.5178854.jpg
Cat3,20mph,lr,opposite,7,1625006315.584552,/media/batool/MULTIMODAL_DATA/Multimodal_Data/Cat3/static_in_front/bag_files/Cat3_20mph_lr_opposite_7/camera_images/1625006315.584552.jpg
Cat3,20mph,lr,opposite,7,1625006315.6178854,/media/batool/MULTIMODAL_DATA/Multimodal_Data/Cat3/static_in_front/bag_files/Cat3_20mph_lr_opposite_7/camera_images/1625006315.6178854.jpg
Cat3,20mph,lr,opposite,7,1625006315.6512187,/media/batool/MULTIMODAL_DATA/Multimodal_Data/Cat3/static_in_front/bag_files/Cat3_20mph_lr_opposite_7/camera_images/1625006315.6512187.jpg
Cat3,20mph,lr,opposite,7,1625006315.684552,/media/batool/MULTIMODAL_DATA/Multimodal_Data/Cat3/static_in_front/bag_files/Cat3_20mph_lr_opposite_7/camera_images/1625006315.684552.jpg
Cat3,20mph,lr,opposite,7,1625006315.7178853,/media/batool/MULTIMODAL_DATA/Multimodal_Data/Cat3/static_in_front/bag_files/Cat3_20mph_lr_opposite_7/camera_images/1625006315.7178853.jpg
Cat3,20mph,lr,opposite,7,1625006315.7512186,/media/batool/MULTIMODAL_DATA/Multimodal_Data/Cat3/static_in_front/bag_files/Cat3_20mph_lr_opposite_7/camera_images/1625006315.7512186.jpg
Cat3,20mph,lr,opposite,7,1625006315.7845519,/media/batool/MULTIMODAL_DATA/Multimodal_Data/Cat3/static_in_front/bag_files/Cat3_20mph_lr_opposite_7/camera_images/1625006315.7845519.jpg
Cat3,20mph,lr,opposite,7,1625006315.8178852,/media/batool/MULTIMODAL_DATA/Multimodal_Data/Cat3/static_in_front/bag_files/Cat3_20mph_lr_opposite_7/camera_images/1625006315.8178852.jpg
Cat3,20mph,lr,opposite,7,1625006315.8512185,/media/batool/MULTIMODAL_DATA/Multimodal_Data/Cat3/static_in_front/bag_files/Cat3_20mph_lr_opposite_7/camera_images/1625006315.8512185.jpg
Cat3,20mph,lr,opposite,7,1625006315.8845518,/media/batool/MULTIMODAL_DATA/Multimodal_Data/Cat3/static_in_front/bag_files/Cat3_20mph_lr_opposite_7/camera_images/1625006315.8845518.jpg
Cat3,20mph,lr,opposite,7,1625006315.917885,/media/batool/MULTIMODAL_DATA/Multimodal_Data/Cat3/static_in_front/bag_files/Cat3_20mph_lr_opposite_7/camera_images/1625006315.917885.jpg
Cat3,20mph,lr,opposite,7,1625006315.9512184,/media/batool/MULTIMODAL_DATA/Multimodal_Data/Cat3/static_in_front/bag_files/Cat3_20mph_lr_opposite_7/camera_images/1625006315.9512184.jpg
Cat3,20mph,lr,opposite,7,1625006315.9845517,/media/batool/MULTIMODAL_DATA/Multimodal_Data/Cat3/static_in_front/bag_files/Cat3_20mph_lr_opposite_7/camera_images/1625006315.9845517.jpg
Cat3,20mph,lr,opposite,7,1625006316.017885,/media/batool/MULTIMODAL_DATA/Multimodal_Data/Cat3/static_in_front/bag_files/Cat3_20mph_lr_opposite_7/camera_images/1625006316.017885.jpg
Cat3,20mph,lr,opposite,7,1625006316.0512183,/media/batool/MULTIMODAL_DATA/Multimodal_Data/Cat3/static_in_front/bag_files/Cat3_20mph_lr_opposite_7/camera_images/1625006316.0512183.jpg
Cat3,20mph,lr,opposite,7,1625006316.1178849,/media/batool/MULTIMODAL_DATA/Multimodal_Data/Cat3/static_in_front/bag_files/Cat3_20mph_lr_opposite_7/camera_images/1625006316.1178849.jpg
Cat3,20mph,lr,opposite,7,1625006316.1512182,/media/batool/MULTIMODAL_DATA/Multimodal_Data/Cat3/static_in_front/bag_files/Cat3_20mph_lr_opposite_7/camera_images/1625006316.1512182.jpg
Cat3,20mph,lr,opposite,7,1625006316.1845515,/media/batool/MULTIMODAL_DATA/Multimodal_Data/Cat3/static_in_front/bag_files/Cat3_20mph_lr_opposite_7/camera_images/1625006316.1845515.jpg
Cat3,20mph,lr,opposite,7,1625006316.2178848,/media/batool/MULTIMODAL_DATA/Multimodal_Data/Cat3/static_in_front/bag_files/Cat3_20mph_lr_opposite_7/camera_images/1625006316.2178848.jpg
Cat3,20mph,lr,opposite,7,1625006316.251218,/media/batool/MULTIMODAL_DATA/Multimodal_Data/Cat3/static_in_front/bag_files/Cat3_20mph_lr_opposite_7/camera_images/1625006316.251218.jpg
Cat3,20mph,lr,opposite,7,1625006316.2845514,/media/batool/MULTIMODAL_DATA/Multimodal_Data/Cat3/static_in_front/bag_files/Cat3_20mph_lr_opposite_7/camera_images/1625006316.2845514.jpg
Cat3,20mph,lr,opposite,7,1625006316.3178847,/media/batool/MULTIMODAL_DATA/Multimodal_Data/Cat3/static_in_front/bag_files/Cat3_20mph_lr_opposite_7/camera_images/1625006316.3178847.jpg
Cat3,20mph,lr,opposite,7,1625006316.351218,/media/batool/MULTIMODAL_DATA/Multimodal_Data/Cat3/static_in_front/bag_files/Cat3_20mph_lr_opposite_7/camera_images/1625006316.351218.jpg
Cat3,20mph,lr,opposite,7,1625006316.3845513,/media/batool/MULTIMODAL_DATA/Multimodal_Data/Cat3/static_in_front/bag_files/Cat3_20mph_lr_opposite_7/camera_images/1625006316.3845513.jpg
Cat3,20mph,lr,opposite,7,1625006316.4178846,/media/batool/MULTIMODAL_DATA/Multimodal_Data/Cat3/static_in_front/bag_files/Cat3_20mph_lr_opposite_7/camera_images/1625006316.4178846.jpg
Cat3,20mph,lr,opposite,7,1625006316.451218,/media/batool/MULTIMODAL_DATA/Multimodal_Data/Cat3/static_in_front/bag_files/Cat3_20mph_lr_opposite_7/camera_images/1625006316.451218.jpg
Cat3,20mph,lr,opposite,7,1625006316.4845512,/media/batool/MULTIMODAL_DATA/Multimodal_Data/Cat3/static_in_front/bag_files/Cat3_20mph_lr_opposite_7/camera_images/1625006316.4845512.jpg
Cat3,20mph,lr,opposite,7,1625006316.5178845,/media/batool/MULTIMODAL_DATA/Multimodal_Data/Cat3/static_in_front/bag_files/Cat3_20mph_lr_opposite_7/camera_images/1625006316.5178845.jpg
Cat3,20mph,lr,opposite,7,1625006316.5512178,/media/batool/MULTIMODAL_DATA/Multimodal_Data/Cat3/static_in_front/bag_files/Cat3_20mph_lr_opposite_7/camera_images/1625006316.5512178.jpg
Cat3,20mph,lr,opposite,7,1625006316.584551,/media/batool/MULTIMODAL_DATA/Multimodal_Data/Cat3/static_in_front/bag_files/Cat3_20mph_lr_opposite_7/camera_images/1625006316.584551.jpg
Cat3,20mph,lr,opposite,7,1625006316.6512177,/media/batool/MULTIMODAL_DATA/Multimodal_Data/Cat3/static_in_front/bag_files/Cat3_20mph_lr_opposite_7/camera_images/1625006316.6512177.jpg
Cat3,20mph,lr,opposite,7,1625006316.684551,/media/batool/MULTIMODAL_DATA/Multimodal_Data/Cat3/static_in_front/bag_files/Cat3_20mph_lr_opposite_7/camera_images/1625006316.684551.jpg
Cat3,20mph,lr,opposite,7,1625006316.7178843,/media/batool/MULTIMODAL_DATA/Multimodal_Data/Cat3/static_in_front/bag_files/Cat3_20mph_lr_opposite_7/camera_images/1625006316.7178843.jpg
Cat3,20mph,lr,opposite,7,1625006316.7512176,/media/batool/MULTIMODAL_DATA/Multimodal_Data/Cat3/static_in_front/bag_files/Cat3_20mph_lr_opposite_7/camera_images/1625006316.7512176.jpg
Cat3,20mph,lr,opposite,7,1625006316.784551,/media/batool/MULTIMODAL_DATA/Multimodal_Data/Cat3/static_in_front/bag_files/Cat3_20mph_lr_opposite_7/camera_images/1625006316.784551.jpg
Cat3,20mph,lr,opposite,7,1625006316.8178842,/media/batool/MULTIMODAL_DATA/Multimodal_Data/Cat3/static_in_front/bag_files/Cat3_20mph_lr_opposite_7/camera_images/1625006316.8178842.jpg
Cat3,20mph,lr,opposite,7,1625006316.8512175,/media/batool/MULTIMODAL_DATA/Multimodal_Data/Cat3/static_in_front/bag_files/Cat3_20mph_lr_opposite_7/camera_images/1625006316.8512175.jpg
Cat3,20mph,lr,opposite,7,1625006316.8845508,/media/batool/MULTIMODAL_DATA/Multimodal_Data/Cat3/static_in_front/bag_files/Cat3_20mph_lr_opposite_7/camera_images/1625006316.8845508.jpg
Cat3,20mph,lr,opposite,7,1625006316.917884,/media/batool/MULTIMODAL_DATA/Multimodal_Data/Cat3/static_in_front/bag_files/Cat3_20mph_lr_opposite_7/camera_images/1625006316.917884.jpg
Cat3,20mph,lr,opposite,7,1625006316.9512174,/media/batool/MULTIMODAL_DATA/Multimodal_Data/Cat3/static_in_front/bag_files/Cat3_20mph_lr_opposite_7/camera_images/1625006316.9512174.jpg
Cat3,20mph,lr,opposite,7,1625006316.9845507,/media/batool/MULTIMODAL_DATA/Multimodal_Data/Cat3/static_in_front/bag_files/Cat3_20mph_lr_opposite_7/camera_images/1625006316.9845507.jpg
Cat3,20mph,lr,opposite,7,1625006317.017884,/media/batool/MULTIMODAL_DATA/Multimodal_Data/Cat3/static_in_front/bag_files/Cat3_20mph_lr_opposite_7/camera_images/1625006317.017884.jpg
Cat3,20mph,lr,opposite,7,1625006317.0512173,/media/batool/MULTIMODAL_DATA/Multimodal_Data/Cat3/static_in_front/bag_files/Cat3_20mph_lr_opposite_7/camera_images/1625006317.0512173.jpg
Cat3,20mph,lr,opposite,7,1625006317.0845506,/media/batool/MULTIMODAL_DATA/Multimodal_Data/Cat3/static_in_front/bag_files/Cat3_20mph_lr_opposite_7/camera_images/1625006317.0845506.jpg
Cat3,20mph,lr,opposite,7,1625006317.117884,/media/batool/MULTIMODAL_DATA/Multimodal_Data/Cat3/static_in_front/bag_files/Cat3_20mph_lr_opposite_7/camera_images/1625006317.117884.jpg
Cat3,20mph,lr,opposite,7,1625006317.1845505,/media/batool/MULTIMODAL_DATA/Multimodal_Data/Cat3/static_in_front/bag_files/Cat3_20mph_lr_opposite_7/camera_images/1625006317.1845505.jpg
Cat3,20mph,lr,opposite,7,1625006317.2178838,/media/batool/MULTIMODAL_DATA/Multimodal_Data/Cat3/static_in_front/bag_files/Cat3_20mph_lr_opposite_7/camera_images/1625006317.2178838.jpg
Cat3,20mph,lr,opposite,7,1625006317.2512171,/media/batool/MULTIMODAL_DATA/Multimodal_Data/Cat3/static_in_front/bag_files/Cat3_20mph_lr_opposite_7/camera_images/1625006317.2512171.jpg
Cat3,20mph,lr,opposite,7,1625006317.2845504,/media/batool/MULTIMODAL_DATA/Multimodal_Data/Cat3/static_in_front/bag_files/Cat3_20mph_lr_opposite_7/camera_images/1625006317.2845504.jpg
Cat3,20mph,lr,opposite,7,1625006317.3178837,/media/batool/MULTIMODAL_DATA/Multimodal_Data/Cat3/static_in_front/bag_files/Cat3_20mph_lr_opposite_7/camera_images/1625006317.3178837.jpg
Cat3,20mph,lr,opposite,7,1625006317.351217,/media/batool/MULTIMODAL_DATA/Multimodal_Data/Cat3/static_in_front/bag_files/Cat3_20mph_lr_opposite_7/camera_images/1625006317.351217.jpg
Cat3,20mph,lr,opposite,7,1625006317.3845503,/media/batool/MULTIMODAL_DATA/Multimodal_Data/Cat3/static_in_front/bag_files/Cat3_20mph_lr_opposite_7/camera_images/1625006317.3845503.jpg
Cat3,20mph,lr,opposite,7,1625006317.4178836,/media/batool/MULTIMODAL_DATA/Multimodal_Data/Cat3/static_in_front/bag_files/Cat3_20mph_lr_opposite_7/camera_images/1625006317.4178836.jpg
Cat3,20mph,lr,opposite,7,1625006317.451217,/media/batool/MULTIMODAL_DATA/Multimodal_Data/Cat3/static_in_front/bag_files/Cat3_20mph_lr_opposite_7/camera_images/1625006317.451217.jpg
Cat3,20mph,lr,opposite,7,1625006317.4845502,/media/batool/MULTIMODAL_DATA/Multimodal_Data/Cat3/static_in_front/bag_files/Cat3_20mph_lr_opposite_7/camera_images/1625006317.4845502.jpg
Cat3,20mph,lr,opposite,7,1625006317.5178835,/media/batool/MULTIMODAL_DATA/Multimodal_Data/Cat3/static_in_front/bag_files/Cat3_20mph_lr_opposite_7/camera_images/1625006317.5178835.jpg
Cat3,20mph,lr,opposite,7,1625006317.5512168,/media/batool/MULTIMODAL_DATA/Multimodal_Data/Cat3/static_in_front/bag_files/Cat3_20mph_lr_opposite_7/camera_images/1625006317.5512168.jpg
Cat3,20mph,lr,opposite,7,1625006317.5845501,/media/batool/MULTIMODAL_DATA/Multimodal_Data/Cat3/static_in_front/bag_files/Cat3_20mph_lr_opposite_7/camera_images/1625006317.5845501.jpg
Cat3,20mph,lr,opposite,7,1625006317.6178834,/media/batool/MULTIMODAL_DATA/Multimodal_Data/Cat3/static_in_front/bag_files/Cat3_20mph_lr_opposite_7/camera_images/1625006317.6178834.jpg
Cat3,20mph,lr,opposite,7,1625006317.6512167,/media/batool/MULTIMODAL_DATA/Multimodal_Data/Cat3/static_in_front/bag_files/Cat3_20mph_lr_opposite_7/camera_images/1625006317.6512167.jpg
Cat3,20mph,lr,opposite,7,1625006317.7178833,/media/batool/MULTIMODAL_DATA/Multimodal_Data/Cat3/static_in_front/bag_files/Cat3_20mph_lr_opposite_7/camera_images/1625006317.7178833.jpg
Cat3,20mph,lr,opposite,7,1625006317.7512167,/media/batool/MULTIMODAL_DATA/Multimodal_Data/Cat3/static_in_front/bag_files/Cat3_20mph_lr_opposite_7/camera_images/1625006317.7512167.jpg
Cat3,20mph,lr,opposite,7,1625006317.78455,/media/batool/MULTIMODAL_DATA/Multimodal_Data/Cat3/static_in_front/bag_files/Cat3_20mph_lr_opposite_7/camera_images/1625006317.78455.jpg
Cat3,20mph,lr,opposite,7,1625006317.8178833,/media/batool/MULTIMODAL_DATA/Multimodal_Data/Cat3/static_in_front/bag_files/Cat3_20mph_lr_opposite_7/camera_images/1625006317.8178833.jpg
Cat3,20mph,lr,opposite,7,1625006317.8512166,/media/batool/MULTIMODAL_DATA/Multimodal_Data/Cat3/static_in_front/bag_files/Cat3_20mph_lr_opposite_7/camera_images/1625006317.8512166.jpg
Cat3,20mph,lr,opposite,7,1625006317.8845499,/media/batool/MULTIMODAL_DATA/Multimodal_Data/Cat3/static_in_front/bag_files/Cat3_20mph_lr_opposite_7/camera_images/1625006317.8845499.jpg
Cat3,20mph,lr,opposite,7,1625006317.9178832,/media/batool/MULTIMODAL_DATA/Multimodal_Data/Cat3/static_in_front/bag_files/Cat3_20mph_lr_opposite_7/camera_images/1625006317.9178832.jpg
Cat3,20mph,lr,opposite,7,1625006317.9512165,/media/batool/MULTIMODAL_DATA/Multimodal_Data/Cat3/static_in_front/bag_files/Cat3_20mph_lr_opposite_7/camera_images/1625006317.9512165.jpg
Cat3,20mph,lr,opposite,7,1625006317.9845498,/media/batool/MULTIMODAL_DATA/Multimodal_Data/Cat3/static_in_front/bag_files/Cat3_20mph_lr_opposite_7/camera_images/1625006317.9845498.jpg
Cat3,20mph,lr,opposite,7,1625006318.017883,/media/batool/MULTIMODAL_DATA/Multimodal_Data/Cat3/static_in_front/bag_files/Cat3_20mph_lr_opposite_7/camera_images/1625006318.017883.jpg
Cat3,20mph,lr,opposite,7,1625006318.0512164,/media/batool/MULTIMODAL_DATA/Multimodal_Data/Cat3/static_in_front/bag_files/Cat3_20mph_lr_opposite_7/camera_images/1625006318.0512164.jpg
Cat3,20mph,lr,opposite,7,1625006318.0845497,/media/batool/MULTIMODAL_DATA/Multimodal_Data/Cat3/static_in_front/bag_files/Cat3_20mph_lr_opposite_7/camera_images/1625006318.0845497.jpg
Cat3,20mph,lr,opposite,7,1625006318.117883,/media/batool/MULTIMODAL_DATA/Multimodal_Data/Cat3/static_in_front/bag_files/Cat3_20mph_lr_opposite_7/camera_images/1625006318.117883.jpg
Cat3,20mph,lr,opposite,7,1625006318.1512163,/media/batool/MULTIMODAL_DATA/Multimodal_Data/Cat3/static_in_front/bag_files/Cat3_20mph_lr_opposite_7/camera_images/1625006318.1512163.jpg
Cat3,20mph,lr,opposite,7,1625006318.1845496,/media/batool/MULTIMODAL_DATA/Multimodal_Data/Cat3/static_in_front/bag_files/Cat3_20mph_lr_opposite_7/camera_images/1625006318.1845496.jpg
Cat3,20mph,lr,opposite,7,1625006318.2512162,/media/batool/MULTIMODAL_DATA/Multimodal_Data/Cat3/static_in_front/bag_files/Cat3_20mph_lr_opposite_7/camera_images/1625006318.2512162.jpg
Cat3,20mph,lr,opposite,7,1625006318.2845495,/media/batool/MULTIMODAL_DATA/Multimodal_Data/Cat3/static_in_front/bag_files/Cat3_20mph_lr_opposite_7/camera_images/1625006318.2845495.jpg
Cat3,20mph,lr,opposite,7,1625006318.3178828,/media/batool/MULTIMODAL_DATA/Multimodal_Data/Cat3/static_in_front/bag_files/Cat3_20mph_lr_opposite_7/camera_images/1625006318.3178828.jpg
Cat3,20mph,lr,opposite,7,1625006318.351216,/media/batool/MULTIMODAL_DATA/Multimodal_Data/Cat3/static_in_front/bag_files/Cat3_20mph_lr_opposite_7/camera_images/1625006318.351216.jpg
Cat3,20mph,lr,opposite,7,1625006318.3845494,/media/batool/MULTIMODAL_DATA/Multimodal_Data/Cat3/static_in_front/bag_files/Cat3_20mph_lr_opposite_7/camera_images/1625006318.3845494.jpg
Cat3,20mph,lr,opposite,7,1625006318.4178827,/media/batool/MULTIMODAL_DATA/Multimodal_Data/Cat3/static_in_front/bag_files/Cat3_20mph_lr_opposite_7/camera_images/1625006318.4178827.jpg
Cat3,20mph,lr,opposite,7,1625006318.451216,/media/batool/MULTIMODAL_DATA/Multimodal_Data/Cat3/static_in_front/bag_files/Cat3_20mph_lr_opposite_7/camera_images/1625006318.451216.jpg
Cat3,20mph,lr,opposite,7,1625006318.4845493,/media/batool/MULTIMODAL_DATA/Multimodal_Data/Cat3/static_in_front/bag_files/Cat3_20mph_lr_opposite_7/camera_images/1625006318.4845493.jpg
Cat3,20mph,lr,opposite,7,1625006318.5178826,/media/batool/MULTIMODAL_DATA/Multimodal_Data/Cat3/static_in_front/bag_files/Cat3_20mph_lr_opposite_7/camera_images/1625006318.5178826.jpg
Cat3,20mph,lr,opposite,7,1625006318.551216,/media/batool/MULTIMODAL_DATA/Multimodal_Data/Cat3/static_in_front/bag_files/Cat3_20mph_lr_opposite_7/camera_images/1625006318.551216.jpg
Cat3,20mph,lr,opposite,7,1625006318.5845492,/media/batool/MULTIMODAL_DATA/Multimodal_Data/Cat3/static_in_front/bag_files/Cat3_20mph_lr_opposite_7/camera_images/1625006318.5845492.jpg
Cat3,20mph,lr,opposite,7,1625006318.6178825,/media/batool/MULTIMODAL_DATA/Multimodal_Data/Cat3/static_in_front/bag_files/Cat3_20mph_lr_opposite_7/camera_images/1625006318.6178825.jpg
Cat3,20mph,lr,opposite,7,1625006318.6512158,/media/batool/MULTIMODAL_DATA/Multimodal_Data/Cat3/static_in_front/bag_files/Cat3_20mph_lr_opposite_7/camera_images/1625006318.6512158.jpg
Cat3,20mph,lr,opposite,7,1625006318.684549,/media/batool/MULTIMODAL_DATA/Multimodal_Data/Cat3/static_in_front/bag_files/Cat3_20mph_lr_opposite_7/camera_images/1625006318.684549.jpg
Cat3,20mph,lr,opposite,7,1625006318.7178824,/media/batool/MULTIMODAL_DATA/Multimodal_Data/Cat3/static_in_front/bag_files/Cat3_20mph_lr_opposite_7/camera_images/1625006318.7178824.jpg
Cat3,20mph,lr,opposite,7,1625006318.784549,/media/batool/MULTIMODAL_DATA/Multimodal_Data/Cat3/static_in_front/bag_files/Cat3_20mph_lr_opposite_7/camera_images/1625006318.784549.jpg
Cat3,20mph,lr,opposite,7,1625006318.8178823,/media/batool/MULTIMODAL_DATA/Multimodal_Data/Cat3/static_in_front/bag_files/Cat3_20mph_lr_opposite_7/camera_images/1625006318.8178823.jpg
Cat3,20mph,lr,opposite,7,1625006318.8512156,/media/batool/MULTIMODAL_DATA/Multimodal_Data/Cat3/static_in_front/bag_files/Cat3_20mph_lr_opposite_7/camera_images/1625006318.8512156.jpg
Cat3,20mph,lr,opposite,7,1625006318.884549,/media/batool/MULTIMODAL_DATA/Multimodal_Data/Cat3/static_in_front/bag_files/Cat3_20mph_lr_opposite_7/camera_images/1625006318.884549.jpg
Cat3,20mph,lr,opposite,7,1625006318.9178822,/media/batool/MULTIMODAL_DATA/Multimodal_Data/Cat3/static_in_front/bag_files/Cat3_20mph_lr_opposite_7/camera_images/1625006318.9178822.jpg
Cat3,20mph,lr,opposite,7,1625006318.9512155,/media/batool/MULTIMODAL_DATA/Multimodal_Data/Cat3/static_in_front/bag_files/Cat3_20mph_lr_opposite_7/camera_images/1625006318.9512155.jpg
Cat3,20mph,lr,opposite,7,1625006318.9845488,/media/batool/MULTIMODAL_DATA/Multimodal_Data/Cat3/static_in_front/bag_files/Cat3_20mph_lr_opposite_7/camera_images/1625006318.9845488.jpg
Cat3,20mph,lr,opposite,7,1625006319.017882,/media/batool/MULTIMODAL_DATA/Multimodal_Data/Cat3/static_in_front/bag_files/Cat3_20mph_lr_opposite_7/camera_images/1625006319.017882.jpg
Cat3,20mph,lr,opposite,7,1625006319.0512154,/media/batool/MULTIMODAL_DATA/Multimodal_Data/Cat3/static_in_front/bag_files/Cat3_20mph_lr_opposite_7/camera_images/1625006319.0512154.jpg
Cat3,20mph,lr,opposite,7,1625006319.0845487,/media/batool/MULTIMODAL_DATA/Multimodal_Data/Cat3/static_in_front/bag_files/Cat3_20mph_lr_opposite_7/camera_images/1625006319.0845487.jpg
Cat3,20mph,lr,opposite,7,1625006319.117882,/media/batool/MULTIMODAL_DATA/Multimodal_Data/Cat3/static_in_front/bag_files/Cat3_20mph_lr_opposite_7/camera_images/1625006319.117882.jpg
Cat3,20mph,lr,opposite,7,1625006319.1512153,/media/batool/MULTIMODAL_DATA/Multimodal_Data/Cat3/static_in_front/bag_files/Cat3_20mph_lr_opposite_7/camera_images/1625006319.1512153.jpg
Cat3,20mph,lr,opposite,7,1625006319.1845486,/media/batool/MULTIMODAL_DATA/Multimodal_Data/Cat3/static_in_front/bag_files/Cat3_20mph_lr_opposite_7/camera_images/1625006319.1845486.jpg
Cat3,20mph,lr,opposite,7,1625006319.217882,/media/batool/MULTIMODAL_DATA/Multimodal_Data/Cat3/static_in_front/bag_files/Cat3_20mph_lr_opposite_7/camera_images/1625006319.217882.jpg
Cat3,20mph,lr,opposite,7,1625006319.2512152,/media/batool/MULTIMODAL_DATA/Multimodal_Data/Cat3/static_in_front/bag_files/Cat3_20mph_lr_opposite_7/camera_images/1625006319.2512152.jpg
Cat3,20mph,lr,opposite,7,1625006319.3178818,/media/batool/MULTIMODAL_DATA/Multimodal_Data/Cat3/static_in_front/bag_files/Cat3_20mph_lr_opposite_7/camera_images/1625006319.3178818.jpg
Cat3,20mph,lr,opposite,7,1625006319.3512151,/media/batool/MULTIMODAL_DATA/Multimodal_Data/Cat3/static_in_front/bag_files/Cat3_20mph_lr_opposite_7/camera_images/1625006319.3512151.jpg
Cat3,20mph,lr,opposite,7,1625006319.3845484,/media/batool/MULTIMODAL_DATA/Multimodal_Data/Cat3/static_in_front/bag_files/Cat3_20mph_lr_opposite_7/camera_images/1625006319.3845484.jpg
Cat3,20mph,lr,opposite,7,1625006319.4178817,/media/batool/MULTIMODAL_DATA/Multimodal_Data/Cat3/static_in_front/bag_files/Cat3_20mph_lr_opposite_7/camera_images/1625006319.4178817.jpg
Cat3,20mph,lr,opposite,7,1625006319.451215,/media/batool/MULTIMODAL_DATA/Multimodal_Data/Cat3/static_in_front/bag_files/Cat3_20mph_lr_opposite_7/camera_images/1625006319.451215.jpg
Cat3,20mph,lr,opposite,7,1625006319.4845483,/media/batool/MULTIMODAL_DATA/Multimodal_Data/Cat3/static_in_front/bag_files/Cat3_20mph_lr_opposite_7/camera_images/1625006319.4845483.jpg
Cat3,20mph,lr,opposite,7,1625006319.5178816,/media/batool/MULTIMODAL_DATA/Multimodal_Data/Cat3/static_in_front/bag_files/Cat3_20mph_lr_opposite_7/camera_images/1625006319.5178816.jpg
Cat3,20mph,lr,opposite,7,1625006319.551215,/media/batool/MULTIMODAL_DATA/Multimodal_Data/Cat3/static_in_front/bag_files/Cat3_20mph_lr_opposite_7/camera_images/1625006319.551215.jpg
Cat3,20mph,lr,opposite,7,1625006319.5845482,/media/batool/MULTIMODAL_DATA/Multimodal_Data/Cat3/static_in_front/bag_files/Cat3_20mph_lr_opposite_7/camera_images/1625006319.5845482.jpg
Cat3,20mph,lr,opposite,7,1625006319.6178815,/media/batool/MULTIMODAL_DATA/Multimodal_Data/Cat3/static_in_front/bag_files/Cat3_20mph_lr_opposite_7/camera_images/1625006319.6178815.jpg
Cat3,20mph,lr,opposite,7,1625006319.6512148,/media/batool/MULTIMODAL_DATA/Multimodal_Data/Cat3/static_in_front/bag_files/Cat3_20mph_lr_opposite_7/camera_images/1625006319.6512148.jpg
Cat3,20mph,lr,opposite,7,1625006319.6845481,/media/batool/MULTIMODAL_DATA/Multimodal_Data/Cat3/static_in_front/bag_files/Cat3_20mph_lr_opposite_7/camera_images/1625006319.6845481.jpg
Cat3,20mph,lr,opposite,7,1625006319.7178814,/media/batool/MULTIMODAL_DATA/Multimodal_Data/Cat3/static_in_front/bag_files/Cat3_20mph_lr_opposite_7/camera_images/1625006319.7178814.jpg
Cat3,20mph,lr,opposite,7,1625006319.7512147,/media/batool/MULTIMODAL_DATA/Multimodal_Data/Cat3/static_in_front/bag_files/Cat3_20mph_lr_opposite_7/camera_images/1625006319.7512147.jpg
Cat3,20mph,lr,opposite,7,1625006319.784548,/media/batool/MULTIMODAL_DATA/Multimodal_Data/Cat3/static_in_front/bag_files/Cat3_20mph_lr_opposite_7/camera_images/1625006319.784548.jpg
Cat3,20mph,lr,opposite,7,1625006319.8178813,/media/batool/MULTIMODAL_DATA/Multimodal_Data/Cat3/static_in_front/bag_files/Cat3_20mph_lr_opposite_7/camera_images/1625006319.8178813.jpg
Cat3,20mph,lr,opposite,7,1625006319.8512146,/media/batool/MULTIMODAL_DATA/Multimodal_Data/Cat3/static_in_front/bag_files/Cat3_20mph_lr_opposite_7/camera_images/1625006319.8512146.jpg
Cat3,20mph,lr,opposite,7,1625006319.884548,/media/batool/MULTIMODAL_DATA/Multimodal_Data/Cat3/static_in_front/bag_files/Cat3_20mph_lr_opposite_7/camera_images/1625006319.884548.jpg
Cat3,20mph,lr,opposite,7,1625006319.9178813,/media/batool/MULTIMODAL_DATA/Multimodal_Data/Cat3/static_in_front/bag_files/Cat3_20mph_lr_opposite_7/camera_images/1625006319.9178813.jpg
Cat3,20mph,lr,opposite,7,1625006319.9512146,/media/batool/MULTIMODAL_DATA/Multimodal_Data/Cat3/static_in_front/bag_files/Cat3_20mph_lr_opposite_7/camera_images/1625006319.9512146.jpg
Cat3,20mph,lr,opposite,7,1625006319.9845479,/media/batool/MULTIMODAL_DATA/Multimodal_Data/Cat3/static_in_front/bag_files/Cat3_20mph_lr_opposite_7/camera_images/1625006319.9845479.jpg
